[0.000000] (-) TimerEvent: {}
[0.000228] (my_package) JobQueued: {'identifier': 'my_package', 'dependencies': OrderedDict()}
[0.000270] (practice_package) JobQueued: {'identifier': 'practice_package', 'dependencies': OrderedDict()}
[0.000287] (turtlesim) JobQueued: {'identifier': 'turtlesim', 'dependencies': OrderedDict()}
[0.000849] (my_package) JobStarted: {'identifier': 'my_package'}
[0.016730] (practice_package) JobStarted: {'identifier': 'practice_package'}
[0.024687] (turtlesim) JobStarted: {'identifier': 'turtlesim'}
[0.099824] (-) TimerEvent: {}
[0.200310] (-) TimerEvent: {}
[0.300748] (-) TimerEvent: {}
[0.395130] (turtlesim) JobProgress: {'identifier': 'turtlesim', 'progress': 'cmake'}
[0.396276] (turtlesim) Command: {'cmd': ['/usr/bin/cmake', '/home/wbk/wbk_ros_intro/ros2_ws_practice/src/ros_tutorials/turtlesim', '-DAMENT_CMAKE_SYMLINK_INSTALL=1', '-DCMAKE_INSTALL_PREFIX=/home/wbk/wbk_ros_intro/ros2_ws_practice/install/turtlesim'], 'cwd': '/home/wbk/wbk_ros_intro/ros2_ws_practice/build/turtlesim', 'env': OrderedDict({'GZ_CONFIG_PATH': '/opt/ros/jazzy/opt/sdformat_vendor/share/gz', 'HOSTNAME': '2709669c7162', 'GIT_ASKPASS': '/home/wbk/.vscode-server/bin/e3a5acfb517a443235981655413d566533107e92/extensions/git/dist/askpass.sh', 'SHLVL': '2', 'LD_LIBRARY_PATH': '/home/wbk/wbk_ros_intro/ros2_ws_practice/install/turtlesim/lib:/opt/ros/jazzy/opt/sdformat_vendor/lib:/opt/ros/jazzy/lib/x86_64-linux-gnu:/opt/ros/jazzy/opt/gz_math_vendor/lib:/opt/ros/jazzy/opt/gz_utils_vendor/lib:/opt/ros/jazzy/opt/gz_tools_vendor/lib:/opt/ros/jazzy/opt/gz_cmake_vendor/lib:/opt/ros/jazzy/lib', 'BROWSER': '/home/wbk/.vscode-server/bin/e3a5acfb517a443235981655413d566533107e92/bin/helpers/browser.sh', 'HOME': '/home/wbk', 'OLDPWD': '/home/wbk/wbk_ros_intro/ros2_ws_practice/src', 'TERM_PROGRAM_VERSION': '1.104.2', 'VSCODE_IPC_HOOK_CLI': '/tmp/vscode-ipc-655ee21e-5bdf-4bbc-9631-30b90720897e.sock', 'ROS_PYTHON_VERSION': '3', 'VSCODE_GIT_ASKPASS_MAIN': '/home/wbk/.vscode-server/bin/e3a5acfb517a443235981655413d566533107e92/extensions/git/dist/askpass-main.js', 'VSCODE_GIT_ASKPASS_NODE': '/home/wbk/.vscode-server/bin/e3a5acfb517a443235981655413d566533107e92/node', 'VSCODE_PYTHON_AUTOACTIVATE_GUARD': '1', 'COLORTERM': 'truecolor', 'REMOTE_CONTAINERS': 'true', '_colcon_cd_root': '/opt/ros/jazzy/', 'COLCON_PREFIX_PATH': '/home/wbk/wbk_ros_intro/ros2_ws_practice/install', 'ROS_DISTRO': 'jazzy', 'REMOTE_CONTAINERS_IPC': '/tmp/vscode-remote-containers-ipc-0af8b5ae-13a6-4404-83fb-47936a266674.sock', '_': '/usr/bin/colcon', 'ROS_VERSION': '2', 'TERM': 'xterm-256color', 'PATH': '/home/wbk/.vscode-server/bin/e3a5acfb517a443235981655413d566533107e92/bin/remote-cli:/opt/ros/jazzy/opt/gz_tools_vendor/bin:/opt/ros/jazzy/bin:/usr/local/sbin:/usr/local/bin:/usr/sbin:/usr/bin:/sbin:/bin:/home/wbk/.vscode-server/data/User/globalStorage/github.copilot-chat/debugCommand', 'REMOTE_CONTAINERS_SOCKETS': '["/home/wbk/.gnupg/S.gpg-agent"]', 'DISPLAY': 'novnc:0.0', 'LANG': 'C.UTF-8', 'LS_COLORS': 'rs=0:di=01;34:ln=01;36:mh=00:pi=40;33:so=01;35:do=01;35:bd=40;33;01:cd=40;33;01:or=40;31;01:mi=00:su=37;41:sg=30;43:ca=00:tw=30;42:ow=34;42:st=37;44:ex=01;32:*.tar=01;31:*.tgz=01;31:*.arc=01;31:*.arj=01;31:*.taz=01;31:*.lha=01;31:*.lz4=01;31:*.lzh=01;31:*.lzma=01;31:*.tlz=01;31:*.txz=01;31:*.tzo=01;31:*.t7z=01;31:*.zip=01;31:*.z=01;31:*.dz=01;31:*.gz=01;31:*.lrz=01;31:*.lz=01;31:*.lzo=01;31:*.xz=01;31:*.zst=01;31:*.tzst=01;31:*.bz2=01;31:*.bz=01;31:*.tbz=01;31:*.tbz2=01;31:*.tz=01;31:*.deb=01;31:*.rpm=01;31:*.jar=01;31:*.war=01;31:*.ear=01;31:*.sar=01;31:*.rar=01;31:*.alz=01;31:*.ace=01;31:*.zoo=01;31:*.cpio=01;31:*.7z=01;31:*.rz=01;31:*.cab=01;31:*.wim=01;31:*.swm=01;31:*.dwm=01;31:*.esd=01;31:*.avif=01;35:*.jpg=01;35:*.jpeg=01;35:*.mjpg=01;35:*.mjpeg=01;35:*.gif=01;35:*.bmp=01;35:*.pbm=01;35:*.pgm=01;35:*.ppm=01;35:*.tga=01;35:*.xbm=01;35:*.xpm=01;35:*.tif=01;35:*.tiff=01;35:*.png=01;35:*.svg=01;35:*.svgz=01;35:*.mng=01;35:*.pcx=01;35:*.mov=01;35:*.mpg=01;35:*.mpeg=01;35:*.m2v=01;35:*.mkv=01;35:*.webm=01;35:*.webp=01;35:*.ogm=01;35:*.mp4=01;35:*.m4v=01;35:*.mp4v=01;35:*.vob=01;35:*.qt=01;35:*.nuv=01;35:*.wmv=01;35:*.asf=01;35:*.rm=01;35:*.rmvb=01;35:*.flc=01;35:*.avi=01;35:*.fli=01;35:*.flv=01;35:*.gl=01;35:*.dl=01;35:*.xcf=01;35:*.xwd=01;35:*.yuv=01;35:*.cgm=01;35:*.emf=01;35:*.ogv=01;35:*.ogx=01;35:*.aac=00;36:*.au=00;36:*.flac=00;36:*.m4a=00;36:*.mid=00;36:*.midi=00;36:*.mka=00;36:*.mp3=00;36:*.mpc=00;36:*.ogg=00;36:*.ra=00;36:*.wav=00;36:*.oga=00;36:*.opus=00;36:*.spx=00;36:*.xspf=00;36:*~=00;90:*#=00;90:*.bak=00;90:*.crdownload=00;90:*.dpkg-dist=00;90:*.dpkg-new=00;90:*.dpkg-old=00;90:*.dpkg-tmp=00;90:*.old=00;90:*.orig=00;90:*.part=00;90:*.rej=00;90:*.rpmnew=00;90:*.rpmorig=00;90:*.rpmsave=00;90:*.swp=00;90:*.tmp=00;90:*.ucf-dist=00;90:*.ucf-new=00;90:*.ucf-old=00;90:', 'VSCODE_GIT_IPC_HANDLE': '/tmp/vscode-git-2e271615a6.sock', 'TERM_PROGRAM': 'vscode', 'ROS_DOMAIN_ID': '1', 'AMENT_PREFIX_PATH': '/home/wbk/wbk_ros_intro/ros2_ws_practice/install/turtlesim:/home/wbk/wbk_ros_intro/ros2_ws_practice/install/practice_package:/home/wbk/wbk_ros_intro/ros2_ws_practice/install/my_package:/opt/ros/jazzy', 'SHELL': '/bin/bash', 'ROS_MASTER_URI': 'http://roscore:11311', 'ROS_AUTOMATIC_DISCOVERY_RANGE': 'LOCALHOST', 'VSCODE_GIT_ASKPASS_EXTRA_ARGS': '', 'PWD': '/home/wbk/wbk_ros_intro/ros2_ws_practice/build/turtlesim', 'LC_ALL': 'C.UTF-8', 'PYTHONPATH': '/home/wbk/wbk_ros_intro/ros2_ws_practice/install/turtlesim/lib/python3.12/site-packages:/home/wbk/wbk_ros_intro/ros2_ws_practice/install/practice_package/lib/python3.12/site-packages:/home/wbk/wbk_ros_intro/ros2_ws_practice/install/my_package/lib/python3.12/site-packages:/opt/ros/jazzy/lib/python3.12/site-packages', 'COLCON': '1', 'CMAKE_PREFIX_PATH': '/home/wbk/wbk_ros_intro/ros2_ws_practice/install/turtlesim:/opt/ros/jazzy/opt/sdformat_vendor:/opt/ros/jazzy/opt/gz_math_vendor:/opt/ros/jazzy/opt/gz_utils_vendor:/opt/ros/jazzy/opt/gz_tools_vendor:/opt/ros/jazzy/opt/gz_cmake_vendor:/home/wbk/wbk_ros_intro/ros2_ws_practice/install/practice_package:/home/wbk/wbk_ros_intro/ros2_ws_practice/install/my_package:/opt/ros/jazzy'}), 'shell': False}
[0.402378] (-) TimerEvent: {}
[0.502631] (-) TimerEvent: {}
[0.593684] (turtlesim) StdoutLine: {'line': b'-- The C compiler identification is GNU 13.3.0\n'}
[0.602706] (-) TimerEvent: {}
[0.703066] (-) TimerEvent: {}
[0.712008] (turtlesim) StdoutLine: {'line': b'-- The CXX compiler identification is GNU 13.3.0\n'}
[0.734712] (turtlesim) StdoutLine: {'line': b'-- Detecting C compiler ABI info\n'}
[0.803301] (-) TimerEvent: {}
[0.838001] (turtlesim) StdoutLine: {'line': b'-- Detecting C compiler ABI info - done\n'}
[0.845251] (turtlesim) StdoutLine: {'line': b'-- Check for working C compiler: /usr/bin/cc - skipped\n'}
[0.846223] (turtlesim) StdoutLine: {'line': b'-- Detecting C compile features\n'}
[0.846989] (turtlesim) StdoutLine: {'line': b'-- Detecting C compile features - done\n'}
[0.856961] (turtlesim) StdoutLine: {'line': b'-- Detecting CXX compiler ABI info\n'}
[0.903587] (-) TimerEvent: {}
[0.952246] (turtlesim) StdoutLine: {'line': b'-- Detecting CXX compiler ABI info - done\n'}
[0.959023] (turtlesim) StdoutLine: {'line': b'-- Check for working CXX compiler: /usr/bin/c++ - skipped\n'}
[0.959355] (turtlesim) StdoutLine: {'line': b'-- Detecting CXX compile features\n'}
[0.959694] (turtlesim) StdoutLine: {'line': b'-- Detecting CXX compile features - done\n'}
[0.974614] (turtlesim) StdoutLine: {'line': b'-- Found ament_cmake: 2.5.4 (/opt/ros/jazzy/share/ament_cmake/cmake)\n'}
[1.003959] (-) TimerEvent: {}
[1.040470] (my_package) Command: {'cmd': ['/usr/bin/python3', '-W', 'ignore:setup.py install is deprecated', '-W', 'ignore:easy_install command is deprecated', 'setup.py', 'develop', '--editable', '--build-directory', '/home/wbk/wbk_ros_intro/ros2_ws_practice/build/my_package/build', '--no-deps', 'symlink_data'], 'cwd': '/home/wbk/wbk_ros_intro/ros2_ws_practice/build/my_package', 'env': {'GZ_CONFIG_PATH': '/opt/ros/jazzy/opt/sdformat_vendor/share/gz', 'HOSTNAME': '2709669c7162', 'GIT_ASKPASS': '/home/wbk/.vscode-server/bin/e3a5acfb517a443235981655413d566533107e92/extensions/git/dist/askpass.sh', 'SHLVL': '2', 'LD_LIBRARY_PATH': '/home/wbk/wbk_ros_intro/ros2_ws_practice/install/turtlesim/lib:/opt/ros/jazzy/opt/sdformat_vendor/lib:/opt/ros/jazzy/lib/x86_64-linux-gnu:/opt/ros/jazzy/opt/gz_math_vendor/lib:/opt/ros/jazzy/opt/gz_utils_vendor/lib:/opt/ros/jazzy/opt/gz_tools_vendor/lib:/opt/ros/jazzy/opt/gz_cmake_vendor/lib:/opt/ros/jazzy/lib', 'BROWSER': '/home/wbk/.vscode-server/bin/e3a5acfb517a443235981655413d566533107e92/bin/helpers/browser.sh', 'HOME': '/home/wbk', 'OLDPWD': '/home/wbk/wbk_ros_intro/ros2_ws_practice/src', 'TERM_PROGRAM_VERSION': '1.104.2', 'VSCODE_IPC_HOOK_CLI': '/tmp/vscode-ipc-655ee21e-5bdf-4bbc-9631-30b90720897e.sock', 'ROS_PYTHON_VERSION': '3', 'VSCODE_GIT_ASKPASS_MAIN': '/home/wbk/.vscode-server/bin/e3a5acfb517a443235981655413d566533107e92/extensions/git/dist/askpass-main.js', 'VSCODE_GIT_ASKPASS_NODE': '/home/wbk/.vscode-server/bin/e3a5acfb517a443235981655413d566533107e92/node', 'VSCODE_PYTHON_AUTOACTIVATE_GUARD': '1', 'COLORTERM': 'truecolor', 'REMOTE_CONTAINERS': 'true', '_colcon_cd_root': '/opt/ros/jazzy/', 'COLCON_PREFIX_PATH': '/home/wbk/wbk_ros_intro/ros2_ws_practice/install', 'ROS_DISTRO': 'jazzy', 'REMOTE_CONTAINERS_IPC': '/tmp/vscode-remote-containers-ipc-0af8b5ae-13a6-4404-83fb-47936a266674.sock', '_': '/usr/bin/colcon', 'ROS_VERSION': '2', 'TERM': 'xterm-256color', 'PATH': '/home/wbk/.vscode-server/bin/e3a5acfb517a443235981655413d566533107e92/bin/remote-cli:/opt/ros/jazzy/opt/gz_tools_vendor/bin:/opt/ros/jazzy/bin:/usr/local/sbin:/usr/local/bin:/usr/sbin:/usr/bin:/sbin:/bin:/home/wbk/.vscode-server/data/User/globalStorage/github.copilot-chat/debugCommand', 'REMOTE_CONTAINERS_SOCKETS': '["/home/wbk/.gnupg/S.gpg-agent"]', 'DISPLAY': 'novnc:0.0', 'LANG': 'C.UTF-8', 'LS_COLORS': 'rs=0:di=01;34:ln=01;36:mh=00:pi=40;33:so=01;35:do=01;35:bd=40;33;01:cd=40;33;01:or=40;31;01:mi=00:su=37;41:sg=30;43:ca=00:tw=30;42:ow=34;42:st=37;44:ex=01;32:*.tar=01;31:*.tgz=01;31:*.arc=01;31:*.arj=01;31:*.taz=01;31:*.lha=01;31:*.lz4=01;31:*.lzh=01;31:*.lzma=01;31:*.tlz=01;31:*.txz=01;31:*.tzo=01;31:*.t7z=01;31:*.zip=01;31:*.z=01;31:*.dz=01;31:*.gz=01;31:*.lrz=01;31:*.lz=01;31:*.lzo=01;31:*.xz=01;31:*.zst=01;31:*.tzst=01;31:*.bz2=01;31:*.bz=01;31:*.tbz=01;31:*.tbz2=01;31:*.tz=01;31:*.deb=01;31:*.rpm=01;31:*.jar=01;31:*.war=01;31:*.ear=01;31:*.sar=01;31:*.rar=01;31:*.alz=01;31:*.ace=01;31:*.zoo=01;31:*.cpio=01;31:*.7z=01;31:*.rz=01;31:*.cab=01;31:*.wim=01;31:*.swm=01;31:*.dwm=01;31:*.esd=01;31:*.avif=01;35:*.jpg=01;35:*.jpeg=01;35:*.mjpg=01;35:*.mjpeg=01;35:*.gif=01;35:*.bmp=01;35:*.pbm=01;35:*.pgm=01;35:*.ppm=01;35:*.tga=01;35:*.xbm=01;35:*.xpm=01;35:*.tif=01;35:*.tiff=01;35:*.png=01;35:*.svg=01;35:*.svgz=01;35:*.mng=01;35:*.pcx=01;35:*.mov=01;35:*.mpg=01;35:*.mpeg=01;35:*.m2v=01;35:*.mkv=01;35:*.webm=01;35:*.webp=01;35:*.ogm=01;35:*.mp4=01;35:*.m4v=01;35:*.mp4v=01;35:*.vob=01;35:*.qt=01;35:*.nuv=01;35:*.wmv=01;35:*.asf=01;35:*.rm=01;35:*.rmvb=01;35:*.flc=01;35:*.avi=01;35:*.fli=01;35:*.flv=01;35:*.gl=01;35:*.dl=01;35:*.xcf=01;35:*.xwd=01;35:*.yuv=01;35:*.cgm=01;35:*.emf=01;35:*.ogv=01;35:*.ogx=01;35:*.aac=00;36:*.au=00;36:*.flac=00;36:*.m4a=00;36:*.mid=00;36:*.midi=00;36:*.mka=00;36:*.mp3=00;36:*.mpc=00;36:*.ogg=00;36:*.ra=00;36:*.wav=00;36:*.oga=00;36:*.opus=00;36:*.spx=00;36:*.xspf=00;36:*~=00;90:*#=00;90:*.bak=00;90:*.crdownload=00;90:*.dpkg-dist=00;90:*.dpkg-new=00;90:*.dpkg-old=00;90:*.dpkg-tmp=00;90:*.old=00;90:*.orig=00;90:*.part=00;90:*.rej=00;90:*.rpmnew=00;90:*.rpmorig=00;90:*.rpmsave=00;90:*.swp=00;90:*.tmp=00;90:*.ucf-dist=00;90:*.ucf-new=00;90:*.ucf-old=00;90:', 'VSCODE_GIT_IPC_HANDLE': '/tmp/vscode-git-2e271615a6.sock', 'TERM_PROGRAM': 'vscode', 'ROS_DOMAIN_ID': '1', 'AMENT_PREFIX_PATH': '/home/wbk/wbk_ros_intro/ros2_ws_practice/install/turtlesim:/home/wbk/wbk_ros_intro/ros2_ws_practice/install/practice_package:/home/wbk/wbk_ros_intro/ros2_ws_practice/install/my_package:/opt/ros/jazzy', 'SHELL': '/bin/bash', 'ROS_MASTER_URI': 'http://roscore:11311', 'ROS_AUTOMATIC_DISCOVERY_RANGE': 'LOCALHOST', 'VSCODE_GIT_ASKPASS_EXTRA_ARGS': '', 'PWD': '/home/wbk/wbk_ros_intro/ros2_ws_practice/build/my_package', 'LC_ALL': 'C.UTF-8', 'PYTHONPATH': '/home/wbk/wbk_ros_intro/ros2_ws_practice/build/my_package/prefix_override:/usr/lib/python3/dist-packages/colcon_core/task/python/colcon_distutils_commands:/home/wbk/wbk_ros_intro/ros2_ws_practice/install/my_package/lib/python3.12/site-packages:/home/wbk/wbk_ros_intro/ros2_ws_practice/install/turtlesim/lib/python3.12/site-packages:/home/wbk/wbk_ros_intro/ros2_ws_practice/install/practice_package/lib/python3.12/site-packages:/home/wbk/wbk_ros_intro/ros2_ws_practice/install/my_package/lib/python3.12/site-packages:/opt/ros/jazzy/lib/python3.12/site-packages', 'COLCON': '1', 'CMAKE_PREFIX_PATH': '/home/wbk/wbk_ros_intro/ros2_ws_practice/install/turtlesim:/opt/ros/jazzy/opt/sdformat_vendor:/opt/ros/jazzy/opt/gz_math_vendor:/opt/ros/jazzy/opt/gz_utils_vendor:/opt/ros/jazzy/opt/gz_tools_vendor:/opt/ros/jazzy/opt/gz_cmake_vendor'}, 'shell': False}
[1.042544] (practice_package) Command: {'cmd': ['/usr/bin/python3', '-W', 'ignore:setup.py install is deprecated', '-W', 'ignore:easy_install command is deprecated', 'setup.py', 'develop', '--editable', '--build-directory', '/home/wbk/wbk_ros_intro/ros2_ws_practice/build/practice_package/build', '--no-deps', 'symlink_data'], 'cwd': '/home/wbk/wbk_ros_intro/ros2_ws_practice/build/practice_package', 'env': {'GZ_CONFIG_PATH': '/opt/ros/jazzy/opt/sdformat_vendor/share/gz', 'HOSTNAME': '2709669c7162', 'GIT_ASKPASS': '/home/wbk/.vscode-server/bin/e3a5acfb517a443235981655413d566533107e92/extensions/git/dist/askpass.sh', 'SHLVL': '2', 'LD_LIBRARY_PATH': '/home/wbk/wbk_ros_intro/ros2_ws_practice/install/turtlesim/lib:/opt/ros/jazzy/opt/sdformat_vendor/lib:/opt/ros/jazzy/lib/x86_64-linux-gnu:/opt/ros/jazzy/opt/gz_math_vendor/lib:/opt/ros/jazzy/opt/gz_utils_vendor/lib:/opt/ros/jazzy/opt/gz_tools_vendor/lib:/opt/ros/jazzy/opt/gz_cmake_vendor/lib:/opt/ros/jazzy/lib', 'BROWSER': '/home/wbk/.vscode-server/bin/e3a5acfb517a443235981655413d566533107e92/bin/helpers/browser.sh', 'HOME': '/home/wbk', 'OLDPWD': '/home/wbk/wbk_ros_intro/ros2_ws_practice/src', 'TERM_PROGRAM_VERSION': '1.104.2', 'VSCODE_IPC_HOOK_CLI': '/tmp/vscode-ipc-655ee21e-5bdf-4bbc-9631-30b90720897e.sock', 'ROS_PYTHON_VERSION': '3', 'VSCODE_GIT_ASKPASS_MAIN': '/home/wbk/.vscode-server/bin/e3a5acfb517a443235981655413d566533107e92/extensions/git/dist/askpass-main.js', 'VSCODE_GIT_ASKPASS_NODE': '/home/wbk/.vscode-server/bin/e3a5acfb517a443235981655413d566533107e92/node', 'VSCODE_PYTHON_AUTOACTIVATE_GUARD': '1', 'COLORTERM': 'truecolor', 'REMOTE_CONTAINERS': 'true', '_colcon_cd_root': '/opt/ros/jazzy/', 'COLCON_PREFIX_PATH': '/home/wbk/wbk_ros_intro/ros2_ws_practice/install', 'ROS_DISTRO': 'jazzy', 'REMOTE_CONTAINERS_IPC': '/tmp/vscode-remote-containers-ipc-0af8b5ae-13a6-4404-83fb-47936a266674.sock', '_': '/usr/bin/colcon', 'ROS_VERSION': '2', 'TERM': 'xterm-256color', 'PATH': '/home/wbk/.vscode-server/bin/e3a5acfb517a443235981655413d566533107e92/bin/remote-cli:/opt/ros/jazzy/opt/gz_tools_vendor/bin:/opt/ros/jazzy/bin:/usr/local/sbin:/usr/local/bin:/usr/sbin:/usr/bin:/sbin:/bin:/home/wbk/.vscode-server/data/User/globalStorage/github.copilot-chat/debugCommand', 'REMOTE_CONTAINERS_SOCKETS': '["/home/wbk/.gnupg/S.gpg-agent"]', 'DISPLAY': 'novnc:0.0', 'LANG': 'C.UTF-8', 'LS_COLORS': 'rs=0:di=01;34:ln=01;36:mh=00:pi=40;33:so=01;35:do=01;35:bd=40;33;01:cd=40;33;01:or=40;31;01:mi=00:su=37;41:sg=30;43:ca=00:tw=30;42:ow=34;42:st=37;44:ex=01;32:*.tar=01;31:*.tgz=01;31:*.arc=01;31:*.arj=01;31:*.taz=01;31:*.lha=01;31:*.lz4=01;31:*.lzh=01;31:*.lzma=01;31:*.tlz=01;31:*.txz=01;31:*.tzo=01;31:*.t7z=01;31:*.zip=01;31:*.z=01;31:*.dz=01;31:*.gz=01;31:*.lrz=01;31:*.lz=01;31:*.lzo=01;31:*.xz=01;31:*.zst=01;31:*.tzst=01;31:*.bz2=01;31:*.bz=01;31:*.tbz=01;31:*.tbz2=01;31:*.tz=01;31:*.deb=01;31:*.rpm=01;31:*.jar=01;31:*.war=01;31:*.ear=01;31:*.sar=01;31:*.rar=01;31:*.alz=01;31:*.ace=01;31:*.zoo=01;31:*.cpio=01;31:*.7z=01;31:*.rz=01;31:*.cab=01;31:*.wim=01;31:*.swm=01;31:*.dwm=01;31:*.esd=01;31:*.avif=01;35:*.jpg=01;35:*.jpeg=01;35:*.mjpg=01;35:*.mjpeg=01;35:*.gif=01;35:*.bmp=01;35:*.pbm=01;35:*.pgm=01;35:*.ppm=01;35:*.tga=01;35:*.xbm=01;35:*.xpm=01;35:*.tif=01;35:*.tiff=01;35:*.png=01;35:*.svg=01;35:*.svgz=01;35:*.mng=01;35:*.pcx=01;35:*.mov=01;35:*.mpg=01;35:*.mpeg=01;35:*.m2v=01;35:*.mkv=01;35:*.webm=01;35:*.webp=01;35:*.ogm=01;35:*.mp4=01;35:*.m4v=01;35:*.mp4v=01;35:*.vob=01;35:*.qt=01;35:*.nuv=01;35:*.wmv=01;35:*.asf=01;35:*.rm=01;35:*.rmvb=01;35:*.flc=01;35:*.avi=01;35:*.fli=01;35:*.flv=01;35:*.gl=01;35:*.dl=01;35:*.xcf=01;35:*.xwd=01;35:*.yuv=01;35:*.cgm=01;35:*.emf=01;35:*.ogv=01;35:*.ogx=01;35:*.aac=00;36:*.au=00;36:*.flac=00;36:*.m4a=00;36:*.mid=00;36:*.midi=00;36:*.mka=00;36:*.mp3=00;36:*.mpc=00;36:*.ogg=00;36:*.ra=00;36:*.wav=00;36:*.oga=00;36:*.opus=00;36:*.spx=00;36:*.xspf=00;36:*~=00;90:*#=00;90:*.bak=00;90:*.crdownload=00;90:*.dpkg-dist=00;90:*.dpkg-new=00;90:*.dpkg-old=00;90:*.dpkg-tmp=00;90:*.old=00;90:*.orig=00;90:*.part=00;90:*.rej=00;90:*.rpmnew=00;90:*.rpmorig=00;90:*.rpmsave=00;90:*.swp=00;90:*.tmp=00;90:*.ucf-dist=00;90:*.ucf-new=00;90:*.ucf-old=00;90:', 'VSCODE_GIT_IPC_HANDLE': '/tmp/vscode-git-2e271615a6.sock', 'TERM_PROGRAM': 'vscode', 'ROS_DOMAIN_ID': '1', 'AMENT_PREFIX_PATH': '/home/wbk/wbk_ros_intro/ros2_ws_practice/install/turtlesim:/home/wbk/wbk_ros_intro/ros2_ws_practice/install/practice_package:/home/wbk/wbk_ros_intro/ros2_ws_practice/install/my_package:/opt/ros/jazzy', 'SHELL': '/bin/bash', 'ROS_MASTER_URI': 'http://roscore:11311', 'ROS_AUTOMATIC_DISCOVERY_RANGE': 'LOCALHOST', 'VSCODE_GIT_ASKPASS_EXTRA_ARGS': '', 'PWD': '/home/wbk/wbk_ros_intro/ros2_ws_practice/build/practice_package', 'LC_ALL': 'C.UTF-8', 'PYTHONPATH': '/home/wbk/wbk_ros_intro/ros2_ws_practice/build/practice_package/prefix_override:/usr/lib/python3/dist-packages/colcon_core/task/python/colcon_distutils_commands:/home/wbk/wbk_ros_intro/ros2_ws_practice/install/practice_package/lib/python3.12/site-packages:/home/wbk/wbk_ros_intro/ros2_ws_practice/install/turtlesim/lib/python3.12/site-packages:/home/wbk/wbk_ros_intro/ros2_ws_practice/install/practice_package/lib/python3.12/site-packages:/home/wbk/wbk_ros_intro/ros2_ws_practice/install/my_package/lib/python3.12/site-packages:/opt/ros/jazzy/lib/python3.12/site-packages', 'COLCON': '1', 'CMAKE_PREFIX_PATH': '/home/wbk/wbk_ros_intro/ros2_ws_practice/install/turtlesim:/opt/ros/jazzy/opt/sdformat_vendor:/opt/ros/jazzy/opt/gz_math_vendor:/opt/ros/jazzy/opt/gz_utils_vendor:/opt/ros/jazzy/opt/gz_tools_vendor:/opt/ros/jazzy/opt/gz_cmake_vendor'}, 'shell': False}
[1.104164] (-) TimerEvent: {}
[1.113743] (turtlesim) StdoutLine: {'line': b'-- Found Python3: /usr/bin/python3 (found version "3.12.3") found components: Interpreter \n'}
[1.190302] (turtlesim) StdoutLine: {'line': b'-- Override CMake install command with custom implementation using symlinks instead of copying resources\n'}
[1.204308] (-) TimerEvent: {}
[1.241131] (turtlesim) StdoutLine: {'line': b'-- Found ament_index_cpp: 1.8.1 (/opt/ros/jazzy/share/ament_index_cpp/cmake)\n'}
[1.244971] (turtlesim) StdoutLine: {'line': b'-- Found geometry_msgs: 5.3.6 (/opt/ros/jazzy/share/geometry_msgs/cmake)\n'}
[1.257976] (practice_package) StdoutLine: {'line': b'running develop\n'}
[1.258398] (my_package) StdoutLine: {'line': b'running develop\n'}
[1.304466] (-) TimerEvent: {}
[1.310040] (turtlesim) StdoutLine: {'line': b'-- Found rosidl_generator_c: 4.6.6 (/opt/ros/jazzy/share/rosidl_generator_c/cmake)\n'}
[1.328757] (turtlesim) StdoutLine: {'line': b'-- Found rosidl_generator_cpp: 4.6.6 (/opt/ros/jazzy/share/rosidl_generator_cpp/cmake)\n'}
[1.350929] (turtlesim) StdoutLine: {'line': b'-- Using all available rosidl_typesupport_c: rosidl_typesupport_fastrtps_c;rosidl_typesupport_introspection_c\n'}
[1.361222] (my_package) StdoutLine: {'line': b'running egg_info\n'}
[1.361437] (my_package) StdoutLine: {'line': b'creating my_package.egg-info\n'}
[1.361757] (practice_package) StdoutLine: {'line': b'running egg_info\n'}
[1.362018] (practice_package) StdoutLine: {'line': b'creating practice_package.egg-info\n'}
[1.371984] (my_package) StdoutLine: {'line': b'writing my_package.egg-info/PKG-INFO\n'}
[1.372606] (practice_package) StdoutLine: {'line': b'writing practice_package.egg-info/PKG-INFO\n'}
[1.372893] (my_package) StdoutLine: {'line': b'writing dependency_links to my_package.egg-info/dependency_links.txt\n'}
[1.373231] (my_package) StdoutLine: {'line': b'writing entry points to my_package.egg-info/entry_points.txt\n'}
[1.373650] (my_package) StdoutLine: {'line': b'writing requirements to my_package.egg-info/requires.txt\n'}
[1.373739] (my_package) StdoutLine: {'line': b'writing top-level names to my_package.egg-info/top_level.txt\n'}
[1.373982] (my_package) StdoutLine: {'line': b"writing manifest file 'my_package.egg-info/SOURCES.txt'\n"}
[1.374040] (practice_package) StdoutLine: {'line': b'writing dependency_links to practice_package.egg-info/dependency_links.txt\n'}
[1.374083] (practice_package) StdoutLine: {'line': b'writing requirements to practice_package.egg-info/requires.txt\n'}
[1.374170] (practice_package) StdoutLine: {'line': b'writing top-level names to practice_package.egg-info/top_level.txt\n'}
[1.374211] (practice_package) StdoutLine: {'line': b"writing manifest file 'practice_package.egg-info/SOURCES.txt'\n"}
[1.376407] (turtlesim) StdoutLine: {'line': b'-- Using all available rosidl_typesupport_cpp: rosidl_typesupport_fastrtps_cpp;rosidl_typesupport_introspection_cpp\n'}
[1.394768] (my_package) StdoutLine: {'line': b"reading manifest file 'my_package.egg-info/SOURCES.txt'\n"}
[1.395064] (practice_package) StdoutLine: {'line': b"reading manifest file 'practice_package.egg-info/SOURCES.txt'\n"}
[1.395555] (my_package) StdoutLine: {'line': b"writing manifest file 'my_package.egg-info/SOURCES.txt'\n"}
[1.395963] (practice_package) StdoutLine: {'line': b"writing manifest file 'practice_package.egg-info/SOURCES.txt'\n"}
[1.404682] (-) TimerEvent: {}
[1.408092] (my_package) StdoutLine: {'line': b'running build_ext\n'}
[1.408655] (my_package) StdoutLine: {'line': b'Creating /home/wbk/wbk_ros_intro/ros2_ws_practice/install/my_package/lib/python3.12/site-packages/my-package.egg-link (link to .)\n'}
[1.409041] (practice_package) StdoutLine: {'line': b'running build_ext\n'}
[1.409608] (practice_package) StdoutLine: {'line': b'Creating /home/wbk/wbk_ros_intro/ros2_ws_practice/install/practice_package/lib/python3.12/site-packages/practice-package.egg-link (link to .)\n'}
[1.410093] (my_package) StdoutLine: {'line': b'Installing my_node script to /home/wbk/wbk_ros_intro/ros2_ws_practice/install/my_package/lib/my_package\n'}
[1.410591] (my_package) StdoutLine: {'line': b'\n'}
[1.410802] (my_package) StdoutLine: {'line': b'Installed /home/wbk/wbk_ros_intro/ros2_ws_practice/build/my_package\n'}
[1.411013] (my_package) StdoutLine: {'line': b'running symlink_data\n'}
[1.411181] (my_package) StdoutLine: {'line': b'creating /home/wbk/wbk_ros_intro/ros2_ws_practice/install/my_package/share/ament_index\n'}
[1.411656] (practice_package) StdoutLine: {'line': b'\n'}
[1.411801] (practice_package) StdoutLine: {'line': b'Installed /home/wbk/wbk_ros_intro/ros2_ws_practice/build/practice_package\n'}
[1.411861] (practice_package) StdoutLine: {'line': b'running symlink_data\n'}
[1.411902] (practice_package) StdoutLine: {'line': b'creating /home/wbk/wbk_ros_intro/ros2_ws_practice/install/practice_package/share/ament_index\n'}
[1.411942] (practice_package) StdoutLine: {'line': b'creating /home/wbk/wbk_ros_intro/ros2_ws_practice/install/practice_package/share/ament_index/resource_index\n'}
[1.411980] (practice_package) StdoutLine: {'line': b'creating /home/wbk/wbk_ros_intro/ros2_ws_practice/install/practice_package/share/ament_index/resource_index/packages\n'}
[1.412016] (my_package) StdoutLine: {'line': b'creating /home/wbk/wbk_ros_intro/ros2_ws_practice/install/my_package/share/ament_index/resource_index\n'}
[1.412057] (my_package) StdoutLine: {'line': b'creating /home/wbk/wbk_ros_intro/ros2_ws_practice/install/my_package/share/ament_index/resource_index/packages\n'}
[1.412093] (my_package) StdoutLine: {'line': b'symbolically linking /home/wbk/wbk_ros_intro/ros2_ws_practice/build/my_package/resource/my_package -> /home/wbk/wbk_ros_intro/ros2_ws_practice/install/my_package/share/ament_index/resource_index/packages\n'}
[1.412144] (practice_package) StdoutLine: {'line': b'symbolically linking /home/wbk/wbk_ros_intro/ros2_ws_practice/build/practice_package/resource/practice_package -> /home/wbk/wbk_ros_intro/ros2_ws_practice/install/practice_package/share/ament_index/resource_index/packages\n'}
[1.412183] (practice_package) StdoutLine: {'line': b'symbolically linking /home/wbk/wbk_ros_intro/ros2_ws_practice/build/practice_package/package.xml -> /home/wbk/wbk_ros_intro/ros2_ws_practice/install/practice_package/share/practice_package\n'}
[1.412222] (my_package) StdoutLine: {'line': b'symbolically linking /home/wbk/wbk_ros_intro/ros2_ws_practice/build/my_package/package.xml -> /home/wbk/wbk_ros_intro/ros2_ws_practice/install/my_package/share/my_package\n'}
[1.450174] (my_package) CommandEnded: {'returncode': 0}
[1.464873] (turtlesim) StdoutLine: {'line': b'-- Found rcl_interfaces: 2.0.3 (/opt/ros/jazzy/share/rcl_interfaces/cmake)\n'}
[1.465236] (my_package) JobEnded: {'identifier': 'my_package', 'rc': 0}
[1.466705] (practice_package) CommandEnded: {'returncode': 0}
[1.472394] (practice_package) JobEnded: {'identifier': 'practice_package', 'rc': 0}
[1.504823] (-) TimerEvent: {}
[1.514151] (turtlesim) StdoutLine: {'line': b'-- Found rclcpp: 28.1.11 (/opt/ros/jazzy/share/rclcpp/cmake)\n'}
[1.547763] (turtlesim) StdoutLine: {'line': b'-- Found rmw_implementation_cmake: 7.3.2 (/opt/ros/jazzy/share/rmw_implementation_cmake/cmake)\n'}
[1.552125] (turtlesim) StdoutLine: {'line': b'-- Found rmw_fastrtps_cpp: 8.4.3 (/opt/ros/jazzy/share/rmw_fastrtps_cpp/cmake)\n'}
[1.605056] (-) TimerEvent: {}
[1.645501] (turtlesim) StdoutLine: {'line': b'-- Found OpenSSL: /usr/lib/x86_64-linux-gnu/libcrypto.so (found version "3.0.13")  \n'}
[1.665421] (turtlesim) StdoutLine: {'line': b'-- Found FastRTPS: /opt/ros/jazzy/include (Required is at least version "2.13") \n'}
[1.684122] (turtlesim) StdoutLine: {'line': b"-- Using RMW implementation 'rmw_fastrtps_cpp' as default\n"}
[1.705304] (-) TimerEvent: {}
[1.778740] (turtlesim) StdoutLine: {'line': b'-- Found rclcpp_action: 28.1.11 (/opt/ros/jazzy/share/rclcpp_action/cmake)\n'}
[1.805461] (-) TimerEvent: {}
[1.839368] (turtlesim) StdoutLine: {'line': b'-- Found rosidl_default_generators: 1.6.0 (/opt/ros/jazzy/share/rosidl_default_generators/cmake)\n'}
[1.857878] (turtlesim) StdoutLine: {'line': b'-- Found rosidl_adapter: 4.6.6 (/opt/ros/jazzy/share/rosidl_adapter/cmake)\n'}
[1.862919] (turtlesim) StdoutLine: {'line': b'-- Found std_srvs: 5.3.6 (/opt/ros/jazzy/share/std_srvs/cmake)\n'}
[1.905667] (-) TimerEvent: {}
[2.006229] (-) TimerEvent: {}
[2.106627] (-) TimerEvent: {}
[2.207027] (-) TimerEvent: {}
[2.307547] (-) TimerEvent: {}
[2.407895] (-) TimerEvent: {}
[2.433696] (turtlesim) StdoutLine: {'line': b'-- Found ament_cmake_ros: 0.12.0 (/opt/ros/jazzy/share/ament_cmake_ros/cmake)\n'}
[2.508069] (-) TimerEvent: {}
[2.608464] (-) TimerEvent: {}
[2.709014] (-) TimerEvent: {}
[2.809516] (-) TimerEvent: {}
[2.910042] (-) TimerEvent: {}
[3.010481] (-) TimerEvent: {}
[3.082938] (turtlesim) StdoutLine: {'line': b'-- Using all available rosidl_typesupport_c: rosidl_typesupport_fastrtps_c;rosidl_typesupport_introspection_c\n'}
[3.111108] (-) TimerEvent: {}
[3.211536] (-) TimerEvent: {}
[3.311986] (-) TimerEvent: {}
[3.336484] (turtlesim) StdoutLine: {'line': b'-- Using all available rosidl_typesupport_cpp: rosidl_typesupport_fastrtps_cpp;rosidl_typesupport_introspection_cpp\n'}
[3.341493] (turtlesim) StdoutLine: {'line': b'-- Found python_cmake_module: 0.11.1 (/opt/ros/jazzy/share/python_cmake_module/cmake)\n'}
[3.412151] (-) TimerEvent: {}
[3.461569] (turtlesim) StdoutLine: {'line': b'-- Found PythonExtra: /usr/bin/python3  \n'}
[3.512307] (-) TimerEvent: {}
[3.612905] (-) TimerEvent: {}
[3.713202] (-) TimerEvent: {}
[3.813568] (-) TimerEvent: {}
[3.914055] (-) TimerEvent: {}
[3.952106] (turtlesim) StdoutLine: {'line': b'-- Found Python3: /usr/bin/python3 (found version "3.12.3") found components: Interpreter Development NumPy Development.Module Development.Embed \n'}
[3.993631] (turtlesim) StdoutLine: {'line': b'-- Found ament_lint_auto: 0.17.3 (/opt/ros/jazzy/share/ament_lint_auto/cmake)\n'}
[4.014263] (-) TimerEvent: {}
[4.031349] (turtlesim) StdoutLine: {'line': b"-- Added test 'copyright' to check source files copyright and LICENSE\n"}
[4.035853] (turtlesim) StdoutLine: {'line': b"-- Added test 'cppcheck' to perform static code analysis on C / C++ code\n"}
[4.037322] (turtlesim) StdoutLine: {'line': b'-- Configured cppcheck include dirs: /home/wbk/wbk_ros_intro/ros2_ws_practice/src/ros_tutorials/turtlesim/include\n'}
[4.037485] (turtlesim) StdoutLine: {'line': b'-- Configured cppcheck exclude dirs and/or files: \n'}
[4.040145] (turtlesim) StdoutLine: {'line': b"-- Added test 'cpplint' to check C / C++ code against the Google style\n"}
[4.040335] (turtlesim) StdoutLine: {'line': b'-- Configured cpplint exclude dirs and/or files: \n'}
[4.041565] (turtlesim) StdoutLine: {'line': b"-- Added test 'flake8' to check Python code syntax and style conventions\n"}
[4.041719] (turtlesim) StdoutLine: {'line': b"-- Configured 'flake8' exclude dirs and/or files: \n"}
[4.042883] (turtlesim) StdoutLine: {'line': b"-- Added test 'lint_cmake' to check CMake code style\n"}
[4.044015] (turtlesim) StdoutLine: {'line': b"-- Added test 'pep257' to check Python code against some of the docstring style conventions in PEP 257\n"}
[4.045656] (turtlesim) StdoutLine: {'line': b"-- Added test 'uncrustify' to check C / C++ code style\n"}
[4.045733] (turtlesim) StdoutLine: {'line': b'-- Configured uncrustify additional arguments: \n'}
[4.046627] (turtlesim) StdoutLine: {'line': b"-- Added test 'xmllint' to check XML markup files\n"}
[4.050508] (turtlesim) StdoutLine: {'line': b'-- Configuring done (3.6s)\n'}
[4.114515] (-) TimerEvent: {}
[4.132845] (turtlesim) StdoutLine: {'line': b'-- Generating done (0.1s)\n'}
[4.150408] (turtlesim) StdoutLine: {'line': b'-- Build files have been written to: /home/wbk/wbk_ros_intro/ros2_ws_practice/build/turtlesim\n'}
[4.165541] (turtlesim) CommandEnded: {'returncode': 0}
[4.166492] (turtlesim) JobProgress: {'identifier': 'turtlesim', 'progress': 'build'}
[4.167161] (turtlesim) Command: {'cmd': ['/usr/bin/cmake', '--build', '/home/wbk/wbk_ros_intro/ros2_ws_practice/build/turtlesim', '--', '-j16', '-l16'], 'cwd': '/home/wbk/wbk_ros_intro/ros2_ws_practice/build/turtlesim', 'env': OrderedDict({'GZ_CONFIG_PATH': '/opt/ros/jazzy/opt/sdformat_vendor/share/gz', 'HOSTNAME': '2709669c7162', 'GIT_ASKPASS': '/home/wbk/.vscode-server/bin/e3a5acfb517a443235981655413d566533107e92/extensions/git/dist/askpass.sh', 'SHLVL': '2', 'LD_LIBRARY_PATH': '/home/wbk/wbk_ros_intro/ros2_ws_practice/install/turtlesim/lib:/opt/ros/jazzy/opt/sdformat_vendor/lib:/opt/ros/jazzy/lib/x86_64-linux-gnu:/opt/ros/jazzy/opt/gz_math_vendor/lib:/opt/ros/jazzy/opt/gz_utils_vendor/lib:/opt/ros/jazzy/opt/gz_tools_vendor/lib:/opt/ros/jazzy/opt/gz_cmake_vendor/lib:/opt/ros/jazzy/lib', 'BROWSER': '/home/wbk/.vscode-server/bin/e3a5acfb517a443235981655413d566533107e92/bin/helpers/browser.sh', 'HOME': '/home/wbk', 'OLDPWD': '/home/wbk/wbk_ros_intro/ros2_ws_practice/src', 'TERM_PROGRAM_VERSION': '1.104.2', 'VSCODE_IPC_HOOK_CLI': '/tmp/vscode-ipc-655ee21e-5bdf-4bbc-9631-30b90720897e.sock', 'ROS_PYTHON_VERSION': '3', 'VSCODE_GIT_ASKPASS_MAIN': '/home/wbk/.vscode-server/bin/e3a5acfb517a443235981655413d566533107e92/extensions/git/dist/askpass-main.js', 'VSCODE_GIT_ASKPASS_NODE': '/home/wbk/.vscode-server/bin/e3a5acfb517a443235981655413d566533107e92/node', 'VSCODE_PYTHON_AUTOACTIVATE_GUARD': '1', 'COLORTERM': 'truecolor', 'REMOTE_CONTAINERS': 'true', '_colcon_cd_root': '/opt/ros/jazzy/', 'COLCON_PREFIX_PATH': '/home/wbk/wbk_ros_intro/ros2_ws_practice/install', 'ROS_DISTRO': 'jazzy', 'REMOTE_CONTAINERS_IPC': '/tmp/vscode-remote-containers-ipc-0af8b5ae-13a6-4404-83fb-47936a266674.sock', '_': '/usr/bin/colcon', 'ROS_VERSION': '2', 'TERM': 'xterm-256color', 'PATH': '/home/wbk/.vscode-server/bin/e3a5acfb517a443235981655413d566533107e92/bin/remote-cli:/opt/ros/jazzy/opt/gz_tools_vendor/bin:/opt/ros/jazzy/bin:/usr/local/sbin:/usr/local/bin:/usr/sbin:/usr/bin:/sbin:/bin:/home/wbk/.vscode-server/data/User/globalStorage/github.copilot-chat/debugCommand', 'REMOTE_CONTAINERS_SOCKETS': '["/home/wbk/.gnupg/S.gpg-agent"]', 'DISPLAY': 'novnc:0.0', 'LANG': 'C.UTF-8', 'LS_COLORS': 'rs=0:di=01;34:ln=01;36:mh=00:pi=40;33:so=01;35:do=01;35:bd=40;33;01:cd=40;33;01:or=40;31;01:mi=00:su=37;41:sg=30;43:ca=00:tw=30;42:ow=34;42:st=37;44:ex=01;32:*.tar=01;31:*.tgz=01;31:*.arc=01;31:*.arj=01;31:*.taz=01;31:*.lha=01;31:*.lz4=01;31:*.lzh=01;31:*.lzma=01;31:*.tlz=01;31:*.txz=01;31:*.tzo=01;31:*.t7z=01;31:*.zip=01;31:*.z=01;31:*.dz=01;31:*.gz=01;31:*.lrz=01;31:*.lz=01;31:*.lzo=01;31:*.xz=01;31:*.zst=01;31:*.tzst=01;31:*.bz2=01;31:*.bz=01;31:*.tbz=01;31:*.tbz2=01;31:*.tz=01;31:*.deb=01;31:*.rpm=01;31:*.jar=01;31:*.war=01;31:*.ear=01;31:*.sar=01;31:*.rar=01;31:*.alz=01;31:*.ace=01;31:*.zoo=01;31:*.cpio=01;31:*.7z=01;31:*.rz=01;31:*.cab=01;31:*.wim=01;31:*.swm=01;31:*.dwm=01;31:*.esd=01;31:*.avif=01;35:*.jpg=01;35:*.jpeg=01;35:*.mjpg=01;35:*.mjpeg=01;35:*.gif=01;35:*.bmp=01;35:*.pbm=01;35:*.pgm=01;35:*.ppm=01;35:*.tga=01;35:*.xbm=01;35:*.xpm=01;35:*.tif=01;35:*.tiff=01;35:*.png=01;35:*.svg=01;35:*.svgz=01;35:*.mng=01;35:*.pcx=01;35:*.mov=01;35:*.mpg=01;35:*.mpeg=01;35:*.m2v=01;35:*.mkv=01;35:*.webm=01;35:*.webp=01;35:*.ogm=01;35:*.mp4=01;35:*.m4v=01;35:*.mp4v=01;35:*.vob=01;35:*.qt=01;35:*.nuv=01;35:*.wmv=01;35:*.asf=01;35:*.rm=01;35:*.rmvb=01;35:*.flc=01;35:*.avi=01;35:*.fli=01;35:*.flv=01;35:*.gl=01;35:*.dl=01;35:*.xcf=01;35:*.xwd=01;35:*.yuv=01;35:*.cgm=01;35:*.emf=01;35:*.ogv=01;35:*.ogx=01;35:*.aac=00;36:*.au=00;36:*.flac=00;36:*.m4a=00;36:*.mid=00;36:*.midi=00;36:*.mka=00;36:*.mp3=00;36:*.mpc=00;36:*.ogg=00;36:*.ra=00;36:*.wav=00;36:*.oga=00;36:*.opus=00;36:*.spx=00;36:*.xspf=00;36:*~=00;90:*#=00;90:*.bak=00;90:*.crdownload=00;90:*.dpkg-dist=00;90:*.dpkg-new=00;90:*.dpkg-old=00;90:*.dpkg-tmp=00;90:*.old=00;90:*.orig=00;90:*.part=00;90:*.rej=00;90:*.rpmnew=00;90:*.rpmorig=00;90:*.rpmsave=00;90:*.swp=00;90:*.tmp=00;90:*.ucf-dist=00;90:*.ucf-new=00;90:*.ucf-old=00;90:', 'VSCODE_GIT_IPC_HANDLE': '/tmp/vscode-git-2e271615a6.sock', 'TERM_PROGRAM': 'vscode', 'ROS_DOMAIN_ID': '1', 'AMENT_PREFIX_PATH': '/home/wbk/wbk_ros_intro/ros2_ws_practice/install/turtlesim:/home/wbk/wbk_ros_intro/ros2_ws_practice/install/practice_package:/home/wbk/wbk_ros_intro/ros2_ws_practice/install/my_package:/opt/ros/jazzy', 'SHELL': '/bin/bash', 'ROS_MASTER_URI': 'http://roscore:11311', 'ROS_AUTOMATIC_DISCOVERY_RANGE': 'LOCALHOST', 'VSCODE_GIT_ASKPASS_EXTRA_ARGS': '', 'PWD': '/home/wbk/wbk_ros_intro/ros2_ws_practice/build/turtlesim', 'LC_ALL': 'C.UTF-8', 'PYTHONPATH': '/home/wbk/wbk_ros_intro/ros2_ws_practice/install/turtlesim/lib/python3.12/site-packages:/home/wbk/wbk_ros_intro/ros2_ws_practice/install/practice_package/lib/python3.12/site-packages:/home/wbk/wbk_ros_intro/ros2_ws_practice/install/my_package/lib/python3.12/site-packages:/opt/ros/jazzy/lib/python3.12/site-packages', 'COLCON': '1', 'CMAKE_PREFIX_PATH': '/home/wbk/wbk_ros_intro/ros2_ws_practice/install/turtlesim:/opt/ros/jazzy/opt/sdformat_vendor:/opt/ros/jazzy/opt/gz_math_vendor:/opt/ros/jazzy/opt/gz_utils_vendor:/opt/ros/jazzy/opt/gz_tools_vendor:/opt/ros/jazzy/opt/gz_cmake_vendor:/home/wbk/wbk_ros_intro/ros2_ws_practice/install/practice_package:/home/wbk/wbk_ros_intro/ros2_ws_practice/install/my_package:/opt/ros/jazzy'}), 'shell': False}
[4.214680] (-) TimerEvent: {}
[4.215535] (turtlesim) StdoutLine: {'line': b'[  0%] \x1b[34m\x1b[1mGenerating type hashes for ROS interfaces\x1b[0m\n'}
[4.222614] (turtlesim) StdoutLine: {'line': b'[  0%] Built target ament_cmake_python_symlink_turtlesim\n'}
[4.314870] (-) TimerEvent: {}
[4.376838] (turtlesim) StdoutLine: {'line': b'running egg_info\n'}
[4.377529] (turtlesim) StdoutLine: {'line': b'creating turtlesim.egg-info\n'}
[4.388682] (turtlesim) StdoutLine: {'line': b'writing turtlesim.egg-info/PKG-INFO\n'}
[4.389001] (turtlesim) StdoutLine: {'line': b'writing dependency_links to turtlesim.egg-info/dependency_links.txt\n'}
[4.389190] (turtlesim) StdoutLine: {'line': b'writing top-level names to turtlesim.egg-info/top_level.txt\n'}
[4.389317] (turtlesim) StdoutLine: {'line': b"writing manifest file 'turtlesim.egg-info/SOURCES.txt'\n"}
[4.415053] (-) TimerEvent: {}
[4.419318] (turtlesim) StdoutLine: {'line': b"reading manifest file 'turtlesim.egg-info/SOURCES.txt'\n"}
[4.419879] (turtlesim) StdoutLine: {'line': b"writing manifest file 'turtlesim.egg-info/SOURCES.txt'\n"}
[4.446284] (turtlesim) StdoutLine: {'line': b'[  0%] Built target ament_cmake_python_build_turtlesim_egg\n'}
[4.466208] (turtlesim) StdoutLine: {'line': b'[  0%] Built target turtlesim__rosidl_generator_type_description\n'}
[4.475558] (turtlesim) StdoutLine: {'line': b'[  1%] \x1b[34m\x1b[1mGenerating C code for ROS interfaces\x1b[0m\n'}
[4.484885] (turtlesim) StdoutLine: {'line': b'[  2%] \x1b[34m\x1b[1mGenerating C++ code for ROS interfaces\x1b[0m\n'}
[4.515285] (-) TimerEvent: {}
[4.615607] (-) TimerEvent: {}
[4.715985] (-) TimerEvent: {}
[4.816304] (-) TimerEvent: {}
[4.916623] (-) TimerEvent: {}
[5.017186] (-) TimerEvent: {}
[5.109554] (turtlesim) StdoutLine: {'line': b'[  2%] Built target turtlesim__cpp\n'}
[5.117386] (-) TimerEvent: {}
[5.217831] (-) TimerEvent: {}
[5.235748] (turtlesim) StdoutLine: {'line': b'[  3%] \x1b[32mBuilding C object CMakeFiles/turtlesim__rosidl_generator_c.dir/rosidl_generator_c/turtlesim/action/detail/rotate_absolute__functions.c.o\x1b[0m\n'}
[5.236555] (turtlesim) StdoutLine: {'line': b'[  4%] \x1b[32mBuilding C object CMakeFiles/turtlesim__rosidl_generator_c.dir/rosidl_generator_c/turtlesim/action/detail/rotate_absolute__description.c.o\x1b[0m\n'}
[5.238769] (turtlesim) StdoutLine: {'line': b'[  5%] \x1b[32mBuilding C object CMakeFiles/turtlesim__rosidl_generator_c.dir/rosidl_generator_c/turtlesim/msg/detail/pose__description.c.o\x1b[0m\n'}
[5.239408] (turtlesim) StdoutLine: {'line': b'[  6%] \x1b[32mBuilding C object CMakeFiles/turtlesim__rosidl_generator_c.dir/rosidl_generator_c/turtlesim/msg/detail/pose__functions.c.o\x1b[0m\n'}
[5.239795] (turtlesim) StdoutLine: {'line': b'[  7%] \x1b[32mBuilding C object CMakeFiles/turtlesim__rosidl_generator_c.dir/rosidl_generator_c/turtlesim/msg/detail/pose__type_support.c.o\x1b[0m\n'}
[5.240034] (turtlesim) StdoutLine: {'line': b'[  8%] \x1b[32mBuilding C object CMakeFiles/turtlesim__rosidl_generator_c.dir/rosidl_generator_c/turtlesim/action/detail/rotate_absolute__type_support.c.o\x1b[0m\n'}
[5.240734] (turtlesim) StdoutLine: {'line': b'[  9%] \x1b[32mBuilding C object CMakeFiles/turtlesim__rosidl_generator_c.dir/rosidl_generator_c/turtlesim/msg/detail/color__description.c.o\x1b[0m\n'}
[5.241002] (turtlesim) StdoutLine: {'line': b'[  9%] \x1b[32mBuilding C object CMakeFiles/turtlesim__rosidl_generator_c.dir/rosidl_generator_c/turtlesim/msg/detail/color__type_support.c.o\x1b[0m\n'}
[5.241612] (turtlesim) StdoutLine: {'line': b'[ 10%] \x1b[32mBuilding C object CMakeFiles/turtlesim__rosidl_generator_c.dir/rosidl_generator_c/turtlesim/srv/detail/kill__description.c.o\x1b[0m\n'}
[5.241973] (turtlesim) StdoutLine: {'line': b'[ 11%] \x1b[32mBuilding C object CMakeFiles/turtlesim__rosidl_generator_c.dir/rosidl_generator_c/turtlesim/srv/detail/set_pen__type_support.c.o\x1b[0m\n'}
[5.242220] (turtlesim) StdoutLine: {'line': b'[ 12%] \x1b[32mBuilding C object CMakeFiles/turtlesim__rosidl_generator_c.dir/rosidl_generator_c/turtlesim/msg/detail/color__functions.c.o\x1b[0m\n'}
[5.244066] (turtlesim) StdoutLine: {'line': b'[ 13%] \x1b[32mBuilding C object CMakeFiles/turtlesim__rosidl_generator_c.dir/rosidl_generator_c/turtlesim/srv/detail/kill__functions.c.o\x1b[0m\n'}
[5.244606] (turtlesim) StdoutLine: {'line': b'[ 14%] \x1b[32mBuilding C object CMakeFiles/turtlesim__rosidl_generator_c.dir/rosidl_generator_c/turtlesim/srv/detail/kill__type_support.c.o\x1b[0m\n'}
[5.244829] (turtlesim) StdoutLine: {'line': b'[ 15%] \x1b[32mBuilding C object CMakeFiles/turtlesim__rosidl_generator_c.dir/rosidl_generator_c/turtlesim/srv/detail/set_pen__functions.c.o\x1b[0m\n'}
[5.247217] (turtlesim) StdoutLine: {'line': b'[ 16%] \x1b[32mBuilding C object CMakeFiles/turtlesim__rosidl_generator_c.dir/rosidl_generator_c/turtlesim/srv/detail/spawn__description.c.o\x1b[0m\n'}
[5.248325] (turtlesim) StdoutLine: {'line': b'[ 16%] \x1b[32mBuilding C object CMakeFiles/turtlesim__rosidl_generator_c.dir/rosidl_generator_c/turtlesim/srv/detail/set_pen__description.c.o\x1b[0m\n'}
[5.307498] (turtlesim) StdoutLine: {'line': b'[ 17%] \x1b[32mBuilding C object CMakeFiles/turtlesim__rosidl_generator_c.dir/rosidl_generator_c/turtlesim/srv/detail/spawn__functions.c.o\x1b[0m\n'}
[5.309234] (turtlesim) StdoutLine: {'line': b'[ 18%] \x1b[32mBuilding C object CMakeFiles/turtlesim__rosidl_generator_c.dir/rosidl_generator_c/turtlesim/srv/detail/spawn__type_support.c.o\x1b[0m\n'}
[5.319948] (-) TimerEvent: {}
[5.320481] (turtlesim) StdoutLine: {'line': b'[ 19%] \x1b[32mBuilding C object CMakeFiles/turtlesim__rosidl_generator_c.dir/rosidl_generator_c/turtlesim/srv/detail/teleport_absolute__description.c.o\x1b[0m\n'}
[5.321593] (turtlesim) StdoutLine: {'line': b'[ 19%] \x1b[32mBuilding C object CMakeFiles/turtlesim__rosidl_generator_c.dir/rosidl_generator_c/turtlesim/srv/detail/teleport_absolute__type_support.c.o\x1b[0m\n'}
[5.322912] (turtlesim) StdoutLine: {'line': b'[ 20%] \x1b[32mBuilding C object CMakeFiles/turtlesim__rosidl_generator_c.dir/rosidl_generator_c/turtlesim/srv/detail/teleport_relative__description.c.o\x1b[0m\n'}
[5.325448] (turtlesim) StdoutLine: {'line': b'[ 21%] \x1b[32mBuilding C object CMakeFiles/turtlesim__rosidl_generator_c.dir/rosidl_generator_c/turtlesim/srv/detail/teleport_absolute__functions.c.o\x1b[0m\n'}
[5.328570] (turtlesim) StdoutLine: {'line': b'[ 22%] \x1b[32mBuilding C object CMakeFiles/turtlesim__rosidl_generator_c.dir/rosidl_generator_c/turtlesim/srv/detail/teleport_relative__functions.c.o\x1b[0m\n'}
[5.348847] (turtlesim) StdoutLine: {'line': b'[ 23%] \x1b[32mBuilding C object CMakeFiles/turtlesim__rosidl_generator_c.dir/rosidl_generator_c/turtlesim/srv/detail/teleport_relative__type_support.c.o\x1b[0m\n'}
[5.420114] (-) TimerEvent: {}
[5.433407] (turtlesim) StdoutLine: {'line': b'[ 24%] \x1b[32m\x1b[1mLinking C shared library libturtlesim__rosidl_generator_c.so\x1b[0m\n'}
[5.474417] (turtlesim) StdoutLine: {'line': b'[ 24%] Built target turtlesim__rosidl_generator_c\n'}
[5.485336] (turtlesim) StdoutLine: {'line': b'[ 27%] \x1b[34m\x1b[1mGenerating C type support for eProsima Fast-RTPS\x1b[0m\n'}
[5.485600] (turtlesim) StdoutLine: {'line': b'[ 27%] \x1b[34m\x1b[1mGenerating C++ type support dispatch for ROS interfaces\x1b[0m\n'}
[5.485720] (turtlesim) StdoutLine: {'line': b'[ 27%] \x1b[34m\x1b[1mGenerating C++ type support for eProsima Fast-RTPS\x1b[0m\n'}
[5.486948] (turtlesim) StdoutLine: {'line': b'[ 28%] \x1b[34m\x1b[1mGenerating C introspection for ROS interfaces\x1b[0m\n'}
[5.490185] (turtlesim) StdoutLine: {'line': b'[ 29%] \x1b[34m\x1b[1mGenerating C type support dispatch for ROS interfaces\x1b[0m\n'}
[5.490449] (turtlesim) StdoutLine: {'line': b'[ 29%] \x1b[34m\x1b[1mGenerating C++ introspection for ROS interfaces\x1b[0m\n'}
[5.520280] (-) TimerEvent: {}
[5.620742] (-) TimerEvent: {}
[5.721213] (-) TimerEvent: {}
[5.821733] (-) TimerEvent: {}
[5.922281] (-) TimerEvent: {}
[5.991068] (turtlesim) StdoutLine: {'line': b'[ 30%] \x1b[32mBuilding CXX object CMakeFiles/turtlesim__rosidl_typesupport_c.dir/rosidl_typesupport_c/turtlesim/srv/teleport_relative__type_support.cpp.o\x1b[0m\n'}
[5.991402] (turtlesim) StdoutLine: {'line': b'[ 31%] \x1b[32mBuilding CXX object CMakeFiles/turtlesim__rosidl_typesupport_c.dir/rosidl_typesupport_c/turtlesim/srv/spawn__type_support.cpp.o\x1b[0m\n'}
[5.991546] (turtlesim) StdoutLine: {'line': b'[ 31%] \x1b[32mBuilding CXX object CMakeFiles/turtlesim__rosidl_typesupport_c.dir/rosidl_typesupport_c/turtlesim/msg/color__type_support.cpp.o\x1b[0m\n'}
[5.992294] (turtlesim) StdoutLine: {'line': b'[ 32%] \x1b[32mBuilding CXX object CMakeFiles/turtlesim__rosidl_typesupport_c.dir/rosidl_typesupport_c/turtlesim/action/rotate_absolute__type_support.cpp.o\x1b[0m\n'}
[5.993745] (turtlesim) StdoutLine: {'line': b'[ 33%] \x1b[32mBuilding CXX object CMakeFiles/turtlesim__rosidl_typesupport_c.dir/rosidl_typesupport_c/turtlesim/srv/kill__type_support.cpp.o\x1b[0m\n'}
[5.993971] (turtlesim) StdoutLine: {'line': b'[ 35%] \x1b[32mBuilding CXX object CMakeFiles/turtlesim__rosidl_typesupport_c.dir/rosidl_typesupport_c/turtlesim/srv/set_pen__type_support.cpp.o\x1b[0m\n'}
[5.994090] (turtlesim) StdoutLine: {'line': b'[ 34%] \x1b[32mBuilding CXX object CMakeFiles/turtlesim__rosidl_typesupport_c.dir/rosidl_typesupport_c/turtlesim/msg/pose__type_support.cpp.o\x1b[0m\n'}
[5.994209] (turtlesim) StdoutLine: {'line': b'[ 36%] \x1b[32mBuilding CXX object CMakeFiles/turtlesim__rosidl_typesupport_c.dir/rosidl_typesupport_c/turtlesim/srv/teleport_absolute__type_support.cpp.o\x1b[0m\n'}
[5.997420] (turtlesim) StdoutLine: {'line': b'[ 37%] \x1b[32mBuilding CXX object CMakeFiles/turtlesim__rosidl_typesupport_cpp.dir/rosidl_typesupport_cpp/turtlesim/msg/color__type_support.cpp.o\x1b[0m\n'}
[5.998521] (turtlesim) StdoutLine: {'line': b'[ 38%] \x1b[32mBuilding CXX object CMakeFiles/turtlesim__rosidl_typesupport_cpp.dir/rosidl_typesupport_cpp/turtlesim/action/rotate_absolute__type_support.cpp.o\x1b[0m\n'}
[6.003486] (turtlesim) StdoutLine: {'line': b'[ 39%] \x1b[32mBuilding CXX object CMakeFiles/turtlesim__rosidl_typesupport_cpp.dir/rosidl_typesupport_cpp/turtlesim/msg/pose__type_support.cpp.o\x1b[0m\n'}
[6.007729] (turtlesim) StdoutLine: {'line': b'[ 39%] \x1b[32mBuilding CXX object CMakeFiles/turtlesim__rosidl_typesupport_cpp.dir/rosidl_typesupport_cpp/turtlesim/srv/kill__type_support.cpp.o\x1b[0m\n'}
[6.022410] (-) TimerEvent: {}
[6.081854] (turtlesim) StdoutLine: {'line': b'[ 40%] \x1b[32mBuilding CXX object CMakeFiles/turtlesim__rosidl_typesupport_cpp.dir/rosidl_typesupport_cpp/turtlesim/srv/set_pen__type_support.cpp.o\x1b[0m\n'}
[6.089181] (turtlesim) StdoutLine: {'line': b'[ 41%] \x1b[32mBuilding CXX object CMakeFiles/turtlesim__rosidl_typesupport_cpp.dir/rosidl_typesupport_cpp/turtlesim/srv/spawn__type_support.cpp.o\x1b[0m\n'}
[6.093709] (turtlesim) StdoutLine: {'line': b'[ 43%] \x1b[32mBuilding CXX object CMakeFiles/turtlesim__rosidl_typesupport_cpp.dir/rosidl_typesupport_cpp/turtlesim/srv/teleport_absolute__type_support.cpp.o\x1b[0m\n'}
[6.094044] (turtlesim) StdoutLine: {'line': b'[ 43%] \x1b[32mBuilding CXX object CMakeFiles/turtlesim__rosidl_typesupport_cpp.dir/rosidl_typesupport_cpp/turtlesim/srv/teleport_relative__type_support.cpp.o\x1b[0m\n'}
[6.108135] (turtlesim) StdoutLine: {'line': b'[ 44%] \x1b[32m\x1b[1mLinking CXX shared library libturtlesim__rosidl_typesupport_c.so\x1b[0m\n'}
[6.122614] (-) TimerEvent: {}
[6.191763] (turtlesim) StdoutLine: {'line': b'[ 44%] Built target turtlesim__rosidl_typesupport_c\n'}
[6.224229] (-) TimerEvent: {}
[6.324305] (turtlesim) StdoutLine: {'line': b'[ 46%] \x1b[32mBuilding CXX object CMakeFiles/turtlesim__rosidl_typesupport_introspection_cpp.dir/rosidl_typesupport_introspection_cpp/turtlesim/action/detail/rotate_absolute__type_support.cpp.o\x1b[0m\n'}
[6.324747] (-) TimerEvent: {}
[6.324909] (turtlesim) StdoutLine: {'line': b'[ 46%] \x1b[32mBuilding CXX object CMakeFiles/turtlesim__rosidl_typesupport_introspection_cpp.dir/rosidl_typesupport_introspection_cpp/turtlesim/srv/detail/kill__type_support.cpp.o\x1b[0m\n'}
[6.325058] (turtlesim) StdoutLine: {'line': b'[ 47%] \x1b[32mBuilding CXX object CMakeFiles/turtlesim__rosidl_typesupport_introspection_cpp.dir/rosidl_typesupport_introspection_cpp/turtlesim/srv/detail/set_pen__type_support.cpp.o\x1b[0m\n'}
[6.326799] (turtlesim) StdoutLine: {'line': b'[ 48%] \x1b[32mBuilding CXX object CMakeFiles/turtlesim__rosidl_typesupport_introspection_cpp.dir/rosidl_typesupport_introspection_cpp/turtlesim/msg/detail/color__type_support.cpp.o\x1b[0m\n'}
[6.327046] (turtlesim) StdoutLine: {'line': b'[ 49%] \x1b[32mBuilding CXX object CMakeFiles/turtlesim__rosidl_typesupport_introspection_cpp.dir/rosidl_typesupport_introspection_cpp/turtlesim/msg/detail/pose__type_support.cpp.o\x1b[0m\n'}
[6.424900] (-) TimerEvent: {}
[6.525275] (-) TimerEvent: {}
[6.625662] (-) TimerEvent: {}
[6.713871] (turtlesim) StdoutLine: {'line': b'[ 50%] \x1b[32mBuilding C object CMakeFiles/turtlesim__rosidl_typesupport_introspection_c.dir/rosidl_typesupport_introspection_c/turtlesim/action/detail/rotate_absolute__type_support.c.o\x1b[0m\n'}
[6.725808] (-) TimerEvent: {}
[6.729468] (turtlesim) StdoutLine: {'line': b'[ 51%] \x1b[32mBuilding C object CMakeFiles/turtlesim__rosidl_typesupport_introspection_c.dir/rosidl_typesupport_introspection_c/turtlesim/msg/detail/color__type_support.c.o\x1b[0m\n'}
[6.797002] (turtlesim) StdoutLine: {'line': b'[ 51%] \x1b[32mBuilding C object CMakeFiles/turtlesim__rosidl_typesupport_introspection_c.dir/rosidl_typesupport_introspection_c/turtlesim/msg/detail/pose__type_support.c.o\x1b[0m\n'}
[6.825959] (-) TimerEvent: {}
[6.894755] (turtlesim) StdoutLine: {'line': b'[ 52%] \x1b[32mBuilding C object CMakeFiles/turtlesim__rosidl_typesupport_introspection_c.dir/rosidl_typesupport_introspection_c/turtlesim/srv/detail/kill__type_support.c.o\x1b[0m\n'}
[6.926114] (-) TimerEvent: {}
[6.966670] (turtlesim) StdoutLine: {'line': b'[ 53%] \x1b[32mBuilding C object CMakeFiles/turtlesim__rosidl_typesupport_introspection_c.dir/rosidl_typesupport_introspection_c/turtlesim/srv/detail/set_pen__type_support.c.o\x1b[0m\n'}
[6.995084] (turtlesim) StdoutLine: {'line': b'[ 54%] \x1b[32mBuilding CXX object CMakeFiles/turtlesim__rosidl_typesupport_introspection_cpp.dir/rosidl_typesupport_introspection_cpp/turtlesim/srv/detail/spawn__type_support.cpp.o\x1b[0m\n'}
[7.016169] (turtlesim) StdoutLine: {'line': b'[ 55%] \x1b[32mBuilding C object CMakeFiles/turtlesim__rosidl_typesupport_introspection_c.dir/rosidl_typesupport_introspection_c/turtlesim/srv/detail/spawn__type_support.c.o\x1b[0m\n'}
[7.016491] (turtlesim) StdoutLine: {'line': b'[ 56%] \x1b[32mBuilding C object CMakeFiles/turtlesim__rosidl_typesupport_introspection_c.dir/rosidl_typesupport_introspection_c/turtlesim/srv/detail/teleport_absolute__type_support.c.o\x1b[0m\n'}
[7.026255] (-) TimerEvent: {}
[7.041326] (turtlesim) StdoutLine: {'line': b'[ 56%] \x1b[32mBuilding CXX object CMakeFiles/turtlesim__rosidl_typesupport_introspection_cpp.dir/rosidl_typesupport_introspection_cpp/turtlesim/srv/detail/teleport_absolute__type_support.cpp.o\x1b[0m\n'}
[7.101814] (turtlesim) StdoutLine: {'line': b'[ 57%] \x1b[32mBuilding C object CMakeFiles/turtlesim__rosidl_typesupport_introspection_c.dir/rosidl_typesupport_introspection_c/turtlesim/srv/detail/teleport_relative__type_support.c.o\x1b[0m\n'}
[7.127864] (-) TimerEvent: {}
[7.154646] (turtlesim) StdoutLine: {'line': b'[ 58%] \x1b[32mBuilding CXX object CMakeFiles/turtlesim__rosidl_typesupport_introspection_cpp.dir/rosidl_typesupport_introspection_cpp/turtlesim/srv/detail/teleport_relative__type_support.cpp.o\x1b[0m\n'}
[7.229020] (-) TimerEvent: {}
[7.251882] (turtlesim) StdoutLine: {'line': b'[ 59%] \x1b[32m\x1b[1mLinking C shared library libturtlesim__rosidl_typesupport_introspection_c.so\x1b[0m\n'}
[7.329138] (-) TimerEvent: {}
[7.363453] (turtlesim) StdoutLine: {'line': b'[ 59%] Built target turtlesim__rosidl_typesupport_introspection_c\n'}
[7.429372] (-) TimerEvent: {}
[7.449943] (turtlesim) StdoutLine: {'line': b'[ 59%] \x1b[32mBuilding CXX object CMakeFiles/turtlesim__rosidl_typesupport_fastrtps_cpp.dir/rosidl_typesupport_fastrtps_cpp/turtlesim/srv/detail/dds_fastrtps/set_pen__type_support.cpp.o\x1b[0m\n'}
[7.453921] (turtlesim) StdoutLine: {'line': b'[ 60%] \x1b[32mBuilding CXX object CMakeFiles/turtlesim__rosidl_typesupport_fastrtps_cpp.dir/rosidl_typesupport_fastrtps_cpp/turtlesim/srv/detail/dds_fastrtps/kill__type_support.cpp.o\x1b[0m\n'}
[7.457364] (turtlesim) StdoutLine: {'line': b'[ 61%] \x1b[32mBuilding CXX object CMakeFiles/turtlesim__rosidl_typesupport_fastrtps_cpp.dir/rosidl_typesupport_fastrtps_cpp/turtlesim/srv/detail/dds_fastrtps/teleport_absolute__type_support.cpp.o\x1b[0m\n'}
[7.457929] (turtlesim) StdoutLine: {'line': b'[ 62%] \x1b[32mBuilding CXX object CMakeFiles/turtlesim__rosidl_typesupport_fastrtps_cpp.dir/rosidl_typesupport_fastrtps_cpp/turtlesim/action/detail/dds_fastrtps/rotate_absolute__type_support.cpp.o\x1b[0m\n'}
[7.467996] (turtlesim) StdoutLine: {'line': b'[ 63%] \x1b[32mBuilding CXX object CMakeFiles/turtlesim__rosidl_typesupport_fastrtps_cpp.dir/rosidl_typesupport_fastrtps_cpp/turtlesim/msg/detail/dds_fastrtps/color__type_support.cpp.o\x1b[0m\n'}
[7.468477] (turtlesim) StdoutLine: {'line': b'[ 64%] \x1b[32mBuilding CXX object CMakeFiles/turtlesim__rosidl_typesupport_fastrtps_cpp.dir/rosidl_typesupport_fastrtps_cpp/turtlesim/msg/detail/dds_fastrtps/pose__type_support.cpp.o\x1b[0m\n'}
[7.478798] (turtlesim) StdoutLine: {'line': b'[ 64%] \x1b[32mBuilding CXX object CMakeFiles/turtlesim__rosidl_typesupport_fastrtps_c.dir/rosidl_typesupport_fastrtps_c/turtlesim/action/detail/rotate_absolute__type_support_c.cpp.o\x1b[0m\n'}
[7.483733] (turtlesim) StdoutLine: {'line': b'[ 65%] \x1b[32mBuilding CXX object CMakeFiles/turtlesim__rosidl_typesupport_fastrtps_cpp.dir/rosidl_typesupport_fastrtps_cpp/turtlesim/srv/detail/dds_fastrtps/spawn__type_support.cpp.o\x1b[0m\n'}
[7.512729] (turtlesim) StdoutLine: {'line': b'[ 66%] \x1b[32mBuilding CXX object CMakeFiles/turtlesim__rosidl_typesupport_fastrtps_cpp.dir/rosidl_typesupport_fastrtps_cpp/turtlesim/srv/detail/dds_fastrtps/teleport_relative__type_support.cpp.o\x1b[0m\n'}
[7.535035] (-) TimerEvent: {}
[7.636641] (-) TimerEvent: {}
[7.653191] (turtlesim) StdoutLine: {'line': b'[ 67%] \x1b[32mBuilding CXX object CMakeFiles/turtlesim__rosidl_typesupport_fastrtps_c.dir/rosidl_typesupport_fastrtps_c/turtlesim/msg/detail/color__type_support_c.cpp.o\x1b[0m\n'}
[7.736793] (-) TimerEvent: {}
[7.777536] (turtlesim) StdoutLine: {'line': b'[ 68%] \x1b[32mBuilding CXX object CMakeFiles/turtlesim__rosidl_typesupport_fastrtps_c.dir/rosidl_typesupport_fastrtps_c/turtlesim/msg/detail/pose__type_support_c.cpp.o\x1b[0m\n'}
[7.836963] (-) TimerEvent: {}
[7.937517] (-) TimerEvent: {}
[8.038015] (-) TimerEvent: {}
[8.109455] (turtlesim) StdoutLine: {'line': b'[ 69%] \x1b[32m\x1b[1mLinking CXX shared library libturtlesim__rosidl_typesupport_cpp.so\x1b[0m\n'}
[8.138177] (-) TimerEvent: {}
[8.180475] (turtlesim) StdoutLine: {'line': b'[ 70%] \x1b[32mBuilding CXX object CMakeFiles/turtlesim__rosidl_typesupport_fastrtps_c.dir/rosidl_typesupport_fastrtps_c/turtlesim/srv/detail/kill__type_support_c.cpp.o\x1b[0m\n'}
[8.201075] (turtlesim) StdoutLine: {'line': b'[ 71%] \x1b[32mBuilding CXX object CMakeFiles/turtlesim__rosidl_typesupport_fastrtps_c.dir/rosidl_typesupport_fastrtps_c/turtlesim/srv/detail/set_pen__type_support_c.cpp.o\x1b[0m\n'}
[8.238333] (-) TimerEvent: {}
[8.376457] (-) TimerEvent: {}
[8.411977] (turtlesim) StdoutLine: {'line': b'[ 72%] \x1b[32mBuilding CXX object CMakeFiles/turtlesim__rosidl_typesupport_fastrtps_c.dir/rosidl_typesupport_fastrtps_c/turtlesim/srv/detail/spawn__type_support_c.cpp.o\x1b[0m\n'}
[8.476610] (-) TimerEvent: {}
[8.563010] (turtlesim) StdoutLine: {'line': b'[ 72%] Built target turtlesim__rosidl_typesupport_cpp\n'}
[8.576765] (-) TimerEvent: {}
[8.630337] (turtlesim) StdoutLine: {'line': b'[ 73%] \x1b[34m\x1b[1mGenerating include/turtlesim/moc_turtle_frame.cpp\x1b[0m\n'}
[8.677036] (-) TimerEvent: {}
[8.687909] (turtlesim) StdoutLine: {'line': b'[ 74%] \x1b[32m\x1b[1mLinking CXX shared library libturtlesim__rosidl_typesupport_introspection_cpp.so\x1b[0m\n'}
[8.751639] (turtlesim) StdoutLine: {'line': b'[ 75%] \x1b[32mBuilding CXX object CMakeFiles/turtlesim__rosidl_typesupport_fastrtps_c.dir/rosidl_typesupport_fastrtps_c/turtlesim/srv/detail/teleport_absolute__type_support_c.cpp.o\x1b[0m\n'}
[8.777194] (-) TimerEvent: {}
[8.880034] (-) TimerEvent: {}
[8.903420] (turtlesim) StdoutLine: {'line': b'[ 75%] Built target turtlesim__rosidl_typesupport_introspection_cpp\n'}
[8.924298] (turtlesim) StdoutLine: {'line': b'[ 75%] \x1b[32mBuilding CXX object CMakeFiles/turtlesim__rosidl_typesupport_fastrtps_c.dir/rosidl_typesupport_fastrtps_c/turtlesim/srv/detail/teleport_relative__type_support_c.cpp.o\x1b[0m\n'}
[8.982714] (turtlesim) StdoutLine: {'line': b'[ 76%] \x1b[32mBuilding CXX object CMakeFiles/turtlesim_node.dir/src/turtlesim.cpp.o\x1b[0m\n'}
[8.983245] (-) TimerEvent: {}
[8.997962] (turtlesim) StdoutLine: {'line': b'[ 77%] \x1b[32mBuilding CXX object CMakeFiles/turtle_teleop_key.dir/tutorials/teleop_turtle_key.cpp.o\x1b[0m\n'}
[9.083884] (-) TimerEvent: {}
[9.097618] (turtlesim) StdoutLine: {'line': b'[ 77%] \x1b[32mBuilding CXX object CMakeFiles/draw_square.dir/tutorials/draw_square.cpp.o\x1b[0m\n'}
[9.184042] (-) TimerEvent: {}
[9.214305] (turtlesim) StdoutLine: {'line': b'[ 78%] \x1b[32mBuilding CXX object CMakeFiles/turtlesim_node.dir/src/turtle_frame.cpp.o\x1b[0m\n'}
[9.227539] (turtlesim) StdoutLine: {'line': b'[ 79%] \x1b[32mBuilding CXX object CMakeFiles/turtlesim_node.dir/src/turtle.cpp.o\x1b[0m\n'}
[9.287163] (-) TimerEvent: {}
[9.387892] (-) TimerEvent: {}
[9.431880] (turtlesim) StdoutLine: {'line': b'[ 80%] \x1b[32mBuilding CXX object CMakeFiles/mimic.dir/tutorials/mimic.cpp.o\x1b[0m\n'}
[9.488059] (-) TimerEvent: {}
[9.582742] (turtlesim) StdoutLine: {'line': b'[ 80%] \x1b[32mBuilding CXX object CMakeFiles/turtlesim_node.dir/include/turtlesim/moc_turtle_frame.cpp.o\x1b[0m\n'}
[9.588226] (-) TimerEvent: {}
[9.688712] (-) TimerEvent: {}
[9.789269] (-) TimerEvent: {}
[9.889743] (-) TimerEvent: {}
[9.990401] (-) TimerEvent: {}
[10.091016] (-) TimerEvent: {}
[10.140228] (turtlesim) StdoutLine: {'line': b'[ 81%] \x1b[32m\x1b[1mLinking CXX shared library libturtlesim__rosidl_typesupport_fastrtps_c.so\x1b[0m\n'}
[10.191301] (-) TimerEvent: {}
[10.292127] (-) TimerEvent: {}
[10.328647] (turtlesim) StdoutLine: {'line': b'[ 81%] Built target turtlesim__rosidl_typesupport_fastrtps_c\n'}
[10.375623] (turtlesim) StdoutLine: {'line': b'[ 82%] \x1b[32m\x1b[1mLinking CXX shared library libturtlesim__rosidl_typesupport_fastrtps_cpp.so\x1b[0m\n'}
[10.392358] (-) TimerEvent: {}
[10.492975] (-) TimerEvent: {}
[10.593717] (-) TimerEvent: {}
[10.606993] (turtlesim) StdoutLine: {'line': b'[ 82%] Built target turtlesim__rosidl_typesupport_fastrtps_cpp\n'}
[10.658746] (turtlesim) StdoutLine: {'line': b'[ 82%] Built target turtlesim\n'}
[10.693973] (-) TimerEvent: {}
[10.713446] (turtlesim) StdoutLine: {'line': b'[ 82%] \x1b[34m\x1b[1mGenerating Python code for ROS interfaces\x1b[0m\n'}
[10.794321] (-) TimerEvent: {}
[10.895093] (-) TimerEvent: {}
[10.995940] (-) TimerEvent: {}
[11.096754] (-) TimerEvent: {}
[11.197496] (-) TimerEvent: {}
[11.298329] (-) TimerEvent: {}
[11.399068] (-) TimerEvent: {}
[11.500005] (-) TimerEvent: {}
[11.600770] (-) TimerEvent: {}
[11.701678] (-) TimerEvent: {}
[11.802500] (-) TimerEvent: {}
[11.903291] (-) TimerEvent: {}
[12.004149] (-) TimerEvent: {}
[12.104846] (-) TimerEvent: {}
[12.205592] (-) TimerEvent: {}
[12.306326] (-) TimerEvent: {}
[12.407044] (-) TimerEvent: {}
[12.507892] (-) TimerEvent: {}
[12.608909] (-) TimerEvent: {}
[12.709660] (-) TimerEvent: {}
[12.810411] (-) TimerEvent: {}
[12.911223] (-) TimerEvent: {}
[13.011984] (-) TimerEvent: {}
[13.112803] (-) TimerEvent: {}
[13.213393] (-) TimerEvent: {}
[13.313912] (-) TimerEvent: {}
[13.414728] (-) TimerEvent: {}
[13.515443] (-) TimerEvent: {}
[13.616106] (-) TimerEvent: {}
[13.662407] (turtlesim) StdoutLine: {'line': b'[ 82%] Built target turtlesim__py\n'}
[13.700100] (turtlesim) StdoutLine: {'line': b'[ 83%] \x1b[32mBuilding C object CMakeFiles/turtlesim__rosidl_generator_py.dir/rosidl_generator_py/turtlesim/msg/_color_s.c.o\x1b[0m\n'}
[13.700366] (turtlesim) StdoutLine: {'line': b'[ 84%] \x1b[32mBuilding C object CMakeFiles/turtlesim__rosidl_generator_py.dir/rosidl_generator_py/turtlesim/srv/_kill_s.c.o\x1b[0m\n'}
[13.701372] (turtlesim) StdoutLine: {'line': b'[ 84%] \x1b[32mBuilding C object CMakeFiles/turtlesim__rosidl_generator_py.dir/rosidl_generator_py/turtlesim/msg/_pose_s.c.o\x1b[0m\n'}
[13.701569] (turtlesim) StdoutLine: {'line': b'[ 85%] \x1b[32mBuilding C object CMakeFiles/turtlesim__rosidl_generator_py.dir/rosidl_generator_py/turtlesim/srv/_set_pen_s.c.o\x1b[0m\n'}
[13.707001] (turtlesim) StdoutLine: {'line': b'[ 86%] \x1b[32mBuilding C object CMakeFiles/turtlesim__rosidl_generator_py.dir/rosidl_generator_py/turtlesim/action/_rotate_absolute_s.c.o\x1b[0m\n'}
[13.711556] (turtlesim) StdoutLine: {'line': b'[ 87%] \x1b[32mBuilding C object CMakeFiles/turtlesim__rosidl_generator_py.dir/rosidl_generator_py/turtlesim/srv/_teleport_absolute_s.c.o\x1b[0m\n'}
[13.712122] (turtlesim) StdoutLine: {'line': b'[ 88%] \x1b[32mBuilding C object CMakeFiles/turtlesim__rosidl_generator_py.dir/rosidl_generator_py/turtlesim/srv/_spawn_s.c.o\x1b[0m\n'}
[13.716288] (-) TimerEvent: {}
[13.716946] (turtlesim) StdoutLine: {'line': b'[ 89%] \x1b[32mBuilding C object CMakeFiles/turtlesim__rosidl_generator_py.dir/rosidl_generator_py/turtlesim/srv/_teleport_relative_s.c.o\x1b[0m\n'}
[13.820237] (-) TimerEvent: {}
[13.920676] (-) TimerEvent: {}
[14.022948] (-) TimerEvent: {}
[14.125537] (-) TimerEvent: {}
[14.228348] (-) TimerEvent: {}
[14.270222] (turtlesim) StdoutLine: {'line': b'[ 90%] \x1b[32m\x1b[1mLinking C shared library libturtlesim__rosidl_generator_py.so\x1b[0m\n'}
[14.331907] (-) TimerEvent: {}
[14.432347] (-) TimerEvent: {}
[14.532997] (-) TimerEvent: {}
[14.536421] (turtlesim) StdoutLine: {'line': b'[ 90%] Built target turtlesim__rosidl_generator_py\n'}
[14.599956] (turtlesim) StdoutLine: {'line': b'[ 91%] \x1b[32mBuilding C object CMakeFiles/turtlesim_s__rosidl_typesupport_c.dir/rosidl_generator_py/turtlesim/_turtlesim_s.ep.rosidl_typesupport_c.c.o\x1b[0m\n'}
[14.600785] (turtlesim) StdoutLine: {'line': b'[ 92%] \x1b[32mBuilding C object CMakeFiles/turtlesim_s__rosidl_typesupport_fastrtps_c.dir/rosidl_generator_py/turtlesim/_turtlesim_s.ep.rosidl_typesupport_fastrtps_c.c.o\x1b[0m\n'}
[14.604552] (turtlesim) StdoutLine: {'line': b'[ 93%] \x1b[32mBuilding C object CMakeFiles/turtlesim_s__rosidl_typesupport_introspection_c.dir/rosidl_generator_py/turtlesim/_turtlesim_s.ep.rosidl_typesupport_introspection_c.c.o\x1b[0m\n'}
[14.633345] (-) TimerEvent: {}
[14.734278] (-) TimerEvent: {}
[14.835011] (-) TimerEvent: {}
[14.936011] (-) TimerEvent: {}
[15.036721] (-) TimerEvent: {}
[15.038256] (turtlesim) StdoutLine: {'line': b'[ 94%] \x1b[32m\x1b[1mLinking C shared module rosidl_generator_py/turtlesim/turtlesim_s__rosidl_typesupport_c.so\x1b[0m\n'}
[15.049757] (turtlesim) StdoutLine: {'line': b'[ 95%] \x1b[32m\x1b[1mLinking C shared module rosidl_generator_py/turtlesim/turtlesim_s__rosidl_typesupport_introspection_c.so\x1b[0m\n'}
[15.120066] (turtlesim) StdoutLine: {'line': b'[ 96%] \x1b[32m\x1b[1mLinking C shared module rosidl_generator_py/turtlesim/turtlesim_s__rosidl_typesupport_fastrtps_c.so\x1b[0m\n'}
[15.131484] (turtlesim) StdoutLine: {'line': b'[ 96%] Built target turtlesim_s__rosidl_typesupport_introspection_c\n'}
[15.132223] (turtlesim) StdoutLine: {'line': b'[ 96%] Built target turtlesim_s__rosidl_typesupport_c\n'}
[15.137059] (-) TimerEvent: {}
[15.221636] (turtlesim) StdoutLine: {'line': b'[ 96%] Built target turtlesim_s__rosidl_typesupport_fastrtps_c\n'}
[15.237385] (-) TimerEvent: {}
[15.338273] (-) TimerEvent: {}
[15.439040] (-) TimerEvent: {}
[15.540035] (-) TimerEvent: {}
[15.640843] (-) TimerEvent: {}
[15.741751] (-) TimerEvent: {}
[15.842604] (-) TimerEvent: {}
[15.943463] (-) TimerEvent: {}
[16.044156] (-) TimerEvent: {}
[16.145075] (-) TimerEvent: {}
[16.245882] (-) TimerEvent: {}
[16.346824] (-) TimerEvent: {}
[16.447800] (-) TimerEvent: {}
[16.548703] (-) TimerEvent: {}
[16.649641] (-) TimerEvent: {}
[16.750664] (-) TimerEvent: {}
[16.851684] (-) TimerEvent: {}
[16.952499] (-) TimerEvent: {}
[17.053322] (-) TimerEvent: {}
[17.154405] (-) TimerEvent: {}
[17.255244] (-) TimerEvent: {}
[17.356330] (-) TimerEvent: {}
[17.457291] (-) TimerEvent: {}
[17.558197] (-) TimerEvent: {}
[17.659128] (-) TimerEvent: {}
[17.760080] (-) TimerEvent: {}
[17.860901] (-) TimerEvent: {}
[17.961808] (-) TimerEvent: {}
[18.062722] (-) TimerEvent: {}
[18.163686] (-) TimerEvent: {}
[18.264164] (-) TimerEvent: {}
[18.365116] (-) TimerEvent: {}
[18.465984] (-) TimerEvent: {}
[18.566884] (-) TimerEvent: {}
[18.667688] (-) TimerEvent: {}
[18.768599] (-) TimerEvent: {}
[18.869408] (-) TimerEvent: {}
[18.970283] (-) TimerEvent: {}
[19.071244] (-) TimerEvent: {}
[19.172243] (-) TimerEvent: {}
[19.272827] (-) TimerEvent: {}
[19.373536] (-) TimerEvent: {}
[19.474396] (-) TimerEvent: {}
[19.575277] (-) TimerEvent: {}
[19.676224] (-) TimerEvent: {}
[19.777465] (-) TimerEvent: {}
[19.878369] (-) TimerEvent: {}
[19.979473] (-) TimerEvent: {}
[20.080618] (-) TimerEvent: {}
[20.181675] (-) TimerEvent: {}
[20.282511] (-) TimerEvent: {}
[20.383330] (-) TimerEvent: {}
[20.484211] (-) TimerEvent: {}
[20.585127] (-) TimerEvent: {}
[20.685944] (-) TimerEvent: {}
[20.787037] (-) TimerEvent: {}
[20.889203] (-) TimerEvent: {}
[20.989866] (-) TimerEvent: {}
[21.090610] (-) TimerEvent: {}
[21.191675] (-) TimerEvent: {}
[21.292404] (-) TimerEvent: {}
[21.393055] (-) TimerEvent: {}
[21.493719] (-) TimerEvent: {}
[21.594230] (-) TimerEvent: {}
[21.683062] (turtlesim) StdoutLine: {'line': b'[ 97%] \x1b[32m\x1b[1mLinking CXX executable turtle_teleop_key\x1b[0m\n'}
[21.694607] (-) TimerEvent: {}
[21.795206] (-) TimerEvent: {}
[21.896030] (-) TimerEvent: {}
[21.996526] (-) TimerEvent: {}
[22.038702] (turtlesim) StdoutLine: {'line': b'[ 97%] Built target turtle_teleop_key\n'}
[22.096807] (-) TimerEvent: {}
[22.197572] (-) TimerEvent: {}
[22.298008] (-) TimerEvent: {}
[22.398724] (-) TimerEvent: {}
[22.499486] (-) TimerEvent: {}
[22.600507] (-) TimerEvent: {}
[22.701499] (-) TimerEvent: {}
[22.802441] (-) TimerEvent: {}
[22.903242] (-) TimerEvent: {}
[23.003936] (-) TimerEvent: {}
[23.104671] (-) TimerEvent: {}
[23.205615] (-) TimerEvent: {}
[23.306308] (-) TimerEvent: {}
[23.407210] (-) TimerEvent: {}
[23.508121] (-) TimerEvent: {}
[23.608855] (-) TimerEvent: {}
[23.709514] (-) TimerEvent: {}
[23.810181] (-) TimerEvent: {}
[23.911020] (-) TimerEvent: {}
[24.011975] (-) TimerEvent: {}
[24.112695] (-) TimerEvent: {}
[24.213574] (-) TimerEvent: {}
[24.314503] (-) TimerEvent: {}
[24.415233] (-) TimerEvent: {}
[24.516010] (-) TimerEvent: {}
[24.617073] (-) TimerEvent: {}
[24.717945] (-) TimerEvent: {}
[24.818720] (-) TimerEvent: {}
[24.896804] (turtlesim) StdoutLine: {'line': b'[ 98%] \x1b[32m\x1b[1mLinking CXX executable mimic\x1b[0m\n'}
[24.919057] (-) TimerEvent: {}
[25.020112] (-) TimerEvent: {}
[25.121097] (-) TimerEvent: {}
[25.222007] (-) TimerEvent: {}
[25.310288] (turtlesim) StdoutLine: {'line': b'[ 98%] Built target mimic\n'}
[25.322720] (-) TimerEvent: {}
[25.423685] (-) TimerEvent: {}
[25.524337] (-) TimerEvent: {}
[25.625233] (-) TimerEvent: {}
[25.697678] (turtlesim) StdoutLine: {'line': b'[ 99%] \x1b[32m\x1b[1mLinking CXX executable draw_square\x1b[0m\n'}
[25.725395] (-) TimerEvent: {}
[25.825912] (-) TimerEvent: {}
[25.926496] (-) TimerEvent: {}
[26.027197] (-) TimerEvent: {}
[26.127972] (-) TimerEvent: {}
[26.184332] (turtlesim) StdoutLine: {'line': b'[ 99%] Built target draw_square\n'}
[26.228141] (-) TimerEvent: {}
[26.328559] (-) TimerEvent: {}
[26.429143] (-) TimerEvent: {}
[26.530042] (-) TimerEvent: {}
[26.630673] (-) TimerEvent: {}
[26.731160] (-) TimerEvent: {}
[26.831929] (-) TimerEvent: {}
[26.932407] (-) TimerEvent: {}
[27.033270] (-) TimerEvent: {}
[27.134040] (-) TimerEvent: {}
[27.234575] (-) TimerEvent: {}
[27.335049] (-) TimerEvent: {}
[27.435569] (-) TimerEvent: {}
[27.536629] (-) TimerEvent: {}
[27.637654] (-) TimerEvent: {}
[27.738077] (-) TimerEvent: {}
[27.839028] (-) TimerEvent: {}
[27.939480] (-) TimerEvent: {}
[28.039979] (-) TimerEvent: {}
[28.140606] (-) TimerEvent: {}
[28.241219] (-) TimerEvent: {}
[28.341759] (-) TimerEvent: {}
[28.442534] (-) TimerEvent: {}
[28.543197] (-) TimerEvent: {}
[28.643792] (-) TimerEvent: {}
[28.744305] (-) TimerEvent: {}
[28.844937] (-) TimerEvent: {}
[28.945368] (-) TimerEvent: {}
[29.045882] (-) TimerEvent: {}
[29.146315] (-) TimerEvent: {}
[29.246729] (-) TimerEvent: {}
[29.347396] (-) TimerEvent: {}
[29.448030] (-) TimerEvent: {}
[29.548449] (-) TimerEvent: {}
[29.649042] (-) TimerEvent: {}
[29.669772] (turtlesim) StdoutLine: {'line': b'[100%] \x1b[32m\x1b[1mLinking CXX executable turtlesim_node\x1b[0m\n'}
[29.749266] (-) TimerEvent: {}
[29.849846] (-) TimerEvent: {}
[29.950546] (-) TimerEvent: {}
[30.050967] (-) TimerEvent: {}
[30.151488] (-) TimerEvent: {}
[30.251900] (-) TimerEvent: {}
[30.352334] (-) TimerEvent: {}
[30.452835] (-) TimerEvent: {}
[30.553285] (-) TimerEvent: {}
[30.653665] (-) TimerEvent: {}
[30.754075] (-) TimerEvent: {}
[30.854698] (-) TimerEvent: {}
[30.955247] (-) TimerEvent: {}
[31.055978] (-) TimerEvent: {}
[31.156667] (-) TimerEvent: {}
[31.257170] (-) TimerEvent: {}
[31.357805] (-) TimerEvent: {}
[31.458380] (-) TimerEvent: {}
[31.558868] (-) TimerEvent: {}
[31.659322] (-) TimerEvent: {}
[31.760020] (-) TimerEvent: {}
[31.860627] (-) TimerEvent: {}
[31.961195] (-) TimerEvent: {}
[32.061877] (-) TimerEvent: {}
[32.162489] (-) TimerEvent: {}
[32.263084] (-) TimerEvent: {}
[32.350441] (turtlesim) StdoutLine: {'line': b'[100%] Built target turtlesim_node\n'}
[32.363419] (-) TimerEvent: {}
[32.380115] (turtlesim) CommandEnded: {'returncode': 0}
[32.382284] (turtlesim) JobProgress: {'identifier': 'turtlesim', 'progress': 'install'}
[32.399908] (turtlesim) Command: {'cmd': ['/usr/bin/cmake', '--install', '/home/wbk/wbk_ros_intro/ros2_ws_practice/build/turtlesim'], 'cwd': '/home/wbk/wbk_ros_intro/ros2_ws_practice/build/turtlesim', 'env': OrderedDict({'GZ_CONFIG_PATH': '/opt/ros/jazzy/opt/sdformat_vendor/share/gz', 'HOSTNAME': '2709669c7162', 'GIT_ASKPASS': '/home/wbk/.vscode-server/bin/e3a5acfb517a443235981655413d566533107e92/extensions/git/dist/askpass.sh', 'SHLVL': '2', 'LD_LIBRARY_PATH': '/home/wbk/wbk_ros_intro/ros2_ws_practice/install/turtlesim/lib:/opt/ros/jazzy/opt/sdformat_vendor/lib:/opt/ros/jazzy/lib/x86_64-linux-gnu:/opt/ros/jazzy/opt/gz_math_vendor/lib:/opt/ros/jazzy/opt/gz_utils_vendor/lib:/opt/ros/jazzy/opt/gz_tools_vendor/lib:/opt/ros/jazzy/opt/gz_cmake_vendor/lib:/opt/ros/jazzy/lib', 'BROWSER': '/home/wbk/.vscode-server/bin/e3a5acfb517a443235981655413d566533107e92/bin/helpers/browser.sh', 'HOME': '/home/wbk', 'OLDPWD': '/home/wbk/wbk_ros_intro/ros2_ws_practice/src', 'TERM_PROGRAM_VERSION': '1.104.2', 'VSCODE_IPC_HOOK_CLI': '/tmp/vscode-ipc-655ee21e-5bdf-4bbc-9631-30b90720897e.sock', 'ROS_PYTHON_VERSION': '3', 'VSCODE_GIT_ASKPASS_MAIN': '/home/wbk/.vscode-server/bin/e3a5acfb517a443235981655413d566533107e92/extensions/git/dist/askpass-main.js', 'VSCODE_GIT_ASKPASS_NODE': '/home/wbk/.vscode-server/bin/e3a5acfb517a443235981655413d566533107e92/node', 'VSCODE_PYTHON_AUTOACTIVATE_GUARD': '1', 'COLORTERM': 'truecolor', 'REMOTE_CONTAINERS': 'true', '_colcon_cd_root': '/opt/ros/jazzy/', 'COLCON_PREFIX_PATH': '/home/wbk/wbk_ros_intro/ros2_ws_practice/install', 'ROS_DISTRO': 'jazzy', 'REMOTE_CONTAINERS_IPC': '/tmp/vscode-remote-containers-ipc-0af8b5ae-13a6-4404-83fb-47936a266674.sock', '_': '/usr/bin/colcon', 'ROS_VERSION': '2', 'TERM': 'xterm-256color', 'PATH': '/home/wbk/.vscode-server/bin/e3a5acfb517a443235981655413d566533107e92/bin/remote-cli:/opt/ros/jazzy/opt/gz_tools_vendor/bin:/opt/ros/jazzy/bin:/usr/local/sbin:/usr/local/bin:/usr/sbin:/usr/bin:/sbin:/bin:/home/wbk/.vscode-server/data/User/globalStorage/github.copilot-chat/debugCommand', 'REMOTE_CONTAINERS_SOCKETS': '["/home/wbk/.gnupg/S.gpg-agent"]', 'DISPLAY': 'novnc:0.0', 'LANG': 'C.UTF-8', 'LS_COLORS': 'rs=0:di=01;34:ln=01;36:mh=00:pi=40;33:so=01;35:do=01;35:bd=40;33;01:cd=40;33;01:or=40;31;01:mi=00:su=37;41:sg=30;43:ca=00:tw=30;42:ow=34;42:st=37;44:ex=01;32:*.tar=01;31:*.tgz=01;31:*.arc=01;31:*.arj=01;31:*.taz=01;31:*.lha=01;31:*.lz4=01;31:*.lzh=01;31:*.lzma=01;31:*.tlz=01;31:*.txz=01;31:*.tzo=01;31:*.t7z=01;31:*.zip=01;31:*.z=01;31:*.dz=01;31:*.gz=01;31:*.lrz=01;31:*.lz=01;31:*.lzo=01;31:*.xz=01;31:*.zst=01;31:*.tzst=01;31:*.bz2=01;31:*.bz=01;31:*.tbz=01;31:*.tbz2=01;31:*.tz=01;31:*.deb=01;31:*.rpm=01;31:*.jar=01;31:*.war=01;31:*.ear=01;31:*.sar=01;31:*.rar=01;31:*.alz=01;31:*.ace=01;31:*.zoo=01;31:*.cpio=01;31:*.7z=01;31:*.rz=01;31:*.cab=01;31:*.wim=01;31:*.swm=01;31:*.dwm=01;31:*.esd=01;31:*.avif=01;35:*.jpg=01;35:*.jpeg=01;35:*.mjpg=01;35:*.mjpeg=01;35:*.gif=01;35:*.bmp=01;35:*.pbm=01;35:*.pgm=01;35:*.ppm=01;35:*.tga=01;35:*.xbm=01;35:*.xpm=01;35:*.tif=01;35:*.tiff=01;35:*.png=01;35:*.svg=01;35:*.svgz=01;35:*.mng=01;35:*.pcx=01;35:*.mov=01;35:*.mpg=01;35:*.mpeg=01;35:*.m2v=01;35:*.mkv=01;35:*.webm=01;35:*.webp=01;35:*.ogm=01;35:*.mp4=01;35:*.m4v=01;35:*.mp4v=01;35:*.vob=01;35:*.qt=01;35:*.nuv=01;35:*.wmv=01;35:*.asf=01;35:*.rm=01;35:*.rmvb=01;35:*.flc=01;35:*.avi=01;35:*.fli=01;35:*.flv=01;35:*.gl=01;35:*.dl=01;35:*.xcf=01;35:*.xwd=01;35:*.yuv=01;35:*.cgm=01;35:*.emf=01;35:*.ogv=01;35:*.ogx=01;35:*.aac=00;36:*.au=00;36:*.flac=00;36:*.m4a=00;36:*.mid=00;36:*.midi=00;36:*.mka=00;36:*.mp3=00;36:*.mpc=00;36:*.ogg=00;36:*.ra=00;36:*.wav=00;36:*.oga=00;36:*.opus=00;36:*.spx=00;36:*.xspf=00;36:*~=00;90:*#=00;90:*.bak=00;90:*.crdownload=00;90:*.dpkg-dist=00;90:*.dpkg-new=00;90:*.dpkg-old=00;90:*.dpkg-tmp=00;90:*.old=00;90:*.orig=00;90:*.part=00;90:*.rej=00;90:*.rpmnew=00;90:*.rpmorig=00;90:*.rpmsave=00;90:*.swp=00;90:*.tmp=00;90:*.ucf-dist=00;90:*.ucf-new=00;90:*.ucf-old=00;90:', 'VSCODE_GIT_IPC_HANDLE': '/tmp/vscode-git-2e271615a6.sock', 'TERM_PROGRAM': 'vscode', 'ROS_DOMAIN_ID': '1', 'AMENT_PREFIX_PATH': '/home/wbk/wbk_ros_intro/ros2_ws_practice/install/turtlesim:/home/wbk/wbk_ros_intro/ros2_ws_practice/install/practice_package:/home/wbk/wbk_ros_intro/ros2_ws_practice/install/my_package:/opt/ros/jazzy', 'SHELL': '/bin/bash', 'ROS_MASTER_URI': 'http://roscore:11311', 'ROS_AUTOMATIC_DISCOVERY_RANGE': 'LOCALHOST', 'VSCODE_GIT_ASKPASS_EXTRA_ARGS': '', 'PWD': '/home/wbk/wbk_ros_intro/ros2_ws_practice/build/turtlesim', 'LC_ALL': 'C.UTF-8', 'PYTHONPATH': '/home/wbk/wbk_ros_intro/ros2_ws_practice/install/turtlesim/lib/python3.12/site-packages:/home/wbk/wbk_ros_intro/ros2_ws_practice/install/practice_package/lib/python3.12/site-packages:/home/wbk/wbk_ros_intro/ros2_ws_practice/install/my_package/lib/python3.12/site-packages:/opt/ros/jazzy/lib/python3.12/site-packages', 'COLCON': '1', 'CMAKE_PREFIX_PATH': '/home/wbk/wbk_ros_intro/ros2_ws_practice/install/turtlesim:/opt/ros/jazzy/opt/sdformat_vendor:/opt/ros/jazzy/opt/gz_math_vendor:/opt/ros/jazzy/opt/gz_utils_vendor:/opt/ros/jazzy/opt/gz_tools_vendor:/opt/ros/jazzy/opt/gz_cmake_vendor:/home/wbk/wbk_ros_intro/ros2_ws_practice/install/practice_package:/home/wbk/wbk_ros_intro/ros2_ws_practice/install/my_package:/opt/ros/jazzy'}), 'shell': False}
[32.411457] (turtlesim) StdoutLine: {'line': b'-- Install configuration: ""\n'}
[32.413028] (turtlesim) StdoutLine: {'line': b'-- Execute custom install script\n'}
[32.414550] (turtlesim) StdoutLine: {'line': b'-- Symlinking: /home/wbk/wbk_ros_intro/ros2_ws_practice/install/turtlesim/share/ament_index/resource_index/rosidl_interfaces/turtlesim\n'}
[32.427714] (turtlesim) StdoutLine: {'line': b'-- Symlinking: /home/wbk/wbk_ros_intro/ros2_ws_practice/install/turtlesim/share/turtlesim/action/RotateAbsolute.json\n'}
[32.448260] (turtlesim) StdoutLine: {'line': b'-- Symlinking: /home/wbk/wbk_ros_intro/ros2_ws_practice/install/turtlesim/share/turtlesim/msg/Color.json\n'}
[32.463669] (-) TimerEvent: {}
[32.467903] (turtlesim) StdoutLine: {'line': b'-- Symlinking: /home/wbk/wbk_ros_intro/ros2_ws_practice/install/turtlesim/share/turtlesim/msg/Pose.json\n'}
[32.489902] (turtlesim) StdoutLine: {'line': b'-- Symlinking: /home/wbk/wbk_ros_intro/ros2_ws_practice/install/turtlesim/share/turtlesim/srv/Kill.json\n'}
[32.508254] (turtlesim) StdoutLine: {'line': b'-- Symlinking: /home/wbk/wbk_ros_intro/ros2_ws_practice/install/turtlesim/share/turtlesim/srv/SetPen.json\n'}
[32.527323] (turtlesim) StdoutLine: {'line': b'-- Symlinking: /home/wbk/wbk_ros_intro/ros2_ws_practice/install/turtlesim/share/turtlesim/srv/Spawn.json\n'}
[32.548490] (turtlesim) StdoutLine: {'line': b'-- Symlinking: /home/wbk/wbk_ros_intro/ros2_ws_practice/install/turtlesim/share/turtlesim/srv/TeleportAbsolute.json\n'}
[32.563907] (-) TimerEvent: {}
[32.568054] (turtlesim) StdoutLine: {'line': b'-- Symlinking: /home/wbk/wbk_ros_intro/ros2_ws_practice/install/turtlesim/share/turtlesim/srv/TeleportRelative.json\n'}
[32.590460] (turtlesim) StdoutLine: {'line': b'-- Symlinking: /home/wbk/wbk_ros_intro/ros2_ws_practice/install/turtlesim/include/turtlesim/turtlesim/action/detail/rotate_absolute__functions.h\n'}
[32.612053] (turtlesim) StdoutLine: {'line': b'-- Symlinking: /home/wbk/wbk_ros_intro/ros2_ws_practice/install/turtlesim/include/turtlesim/turtlesim/action/detail/rotate_absolute__struct.h\n'}
[32.628959] (turtlesim) StdoutLine: {'line': b'-- Symlinking: /home/wbk/wbk_ros_intro/ros2_ws_practice/install/turtlesim/include/turtlesim/turtlesim/action/detail/rotate_absolute__type_support.h\n'}
[32.651501] (turtlesim) StdoutLine: {'line': b'-- Symlinking: /home/wbk/wbk_ros_intro/ros2_ws_practice/install/turtlesim/include/turtlesim/turtlesim/action/rotate_absolute.h\n'}
[32.664163] (-) TimerEvent: {}
[32.668879] (turtlesim) StdoutLine: {'line': b'-- Symlinking: /home/wbk/wbk_ros_intro/ros2_ws_practice/install/turtlesim/include/turtlesim/turtlesim/msg/color.h\n'}
[32.691422] (turtlesim) StdoutLine: {'line': b'-- Symlinking: /home/wbk/wbk_ros_intro/ros2_ws_practice/install/turtlesim/include/turtlesim/turtlesim/msg/detail/color__functions.h\n'}
[32.704803] (turtlesim) StdoutLine: {'line': b'-- Symlinking: /home/wbk/wbk_ros_intro/ros2_ws_practice/install/turtlesim/include/turtlesim/turtlesim/msg/detail/color__struct.h\n'}
[32.716080] (turtlesim) StdoutLine: {'line': b'-- Symlinking: /home/wbk/wbk_ros_intro/ros2_ws_practice/install/turtlesim/include/turtlesim/turtlesim/msg/detail/color__type_support.h\n'}
[32.729057] (turtlesim) StdoutLine: {'line': b'-- Symlinking: /home/wbk/wbk_ros_intro/ros2_ws_practice/install/turtlesim/include/turtlesim/turtlesim/msg/detail/pose__functions.h\n'}
[32.742480] (turtlesim) StdoutLine: {'line': b'-- Symlinking: /home/wbk/wbk_ros_intro/ros2_ws_practice/install/turtlesim/include/turtlesim/turtlesim/msg/detail/pose__struct.h\n'}
[32.755321] (turtlesim) StdoutLine: {'line': b'-- Symlinking: /home/wbk/wbk_ros_intro/ros2_ws_practice/install/turtlesim/include/turtlesim/turtlesim/msg/detail/pose__type_support.h\n'}
[32.764307] (-) TimerEvent: {}
[32.766841] (turtlesim) StdoutLine: {'line': b'-- Symlinking: /home/wbk/wbk_ros_intro/ros2_ws_practice/install/turtlesim/include/turtlesim/turtlesim/msg/pose.h\n'}
[32.777712] (turtlesim) StdoutLine: {'line': b'-- Symlinking: /home/wbk/wbk_ros_intro/ros2_ws_practice/install/turtlesim/include/turtlesim/turtlesim/msg/rosidl_generator_c__visibility_control.h\n'}
[32.791429] (turtlesim) StdoutLine: {'line': b'-- Symlinking: /home/wbk/wbk_ros_intro/ros2_ws_practice/install/turtlesim/include/turtlesim/turtlesim/srv/detail/kill__functions.h\n'}
[32.808924] (turtlesim) StdoutLine: {'line': b'-- Symlinking: /home/wbk/wbk_ros_intro/ros2_ws_practice/install/turtlesim/include/turtlesim/turtlesim/srv/detail/kill__struct.h\n'}
[32.827945] (turtlesim) StdoutLine: {'line': b'-- Symlinking: /home/wbk/wbk_ros_intro/ros2_ws_practice/install/turtlesim/include/turtlesim/turtlesim/srv/detail/kill__type_support.h\n'}
[32.846490] (turtlesim) StdoutLine: {'line': b'-- Symlinking: /home/wbk/wbk_ros_intro/ros2_ws_practice/install/turtlesim/include/turtlesim/turtlesim/srv/detail/set_pen__functions.h\n'}
[32.862340] (turtlesim) StdoutLine: {'line': b'-- Symlinking: /home/wbk/wbk_ros_intro/ros2_ws_practice/install/turtlesim/include/turtlesim/turtlesim/srv/detail/set_pen__struct.h\n'}
[32.864450] (-) TimerEvent: {}
[32.876053] (turtlesim) StdoutLine: {'line': b'-- Symlinking: /home/wbk/wbk_ros_intro/ros2_ws_practice/install/turtlesim/include/turtlesim/turtlesim/srv/detail/set_pen__type_support.h\n'}
[32.887779] (turtlesim) StdoutLine: {'line': b'-- Symlinking: /home/wbk/wbk_ros_intro/ros2_ws_practice/install/turtlesim/include/turtlesim/turtlesim/srv/detail/spawn__functions.h\n'}
[32.899863] (turtlesim) StdoutLine: {'line': b'-- Symlinking: /home/wbk/wbk_ros_intro/ros2_ws_practice/install/turtlesim/include/turtlesim/turtlesim/srv/detail/spawn__struct.h\n'}
[32.908229] (turtlesim) StdoutLine: {'line': b'-- Symlinking: /home/wbk/wbk_ros_intro/ros2_ws_practice/install/turtlesim/include/turtlesim/turtlesim/srv/detail/spawn__type_support.h\n'}
[32.916430] (turtlesim) StdoutLine: {'line': b'-- Symlinking: /home/wbk/wbk_ros_intro/ros2_ws_practice/install/turtlesim/include/turtlesim/turtlesim/srv/detail/teleport_absolute__functions.h\n'}
[32.924730] (turtlesim) StdoutLine: {'line': b'-- Symlinking: /home/wbk/wbk_ros_intro/ros2_ws_practice/install/turtlesim/include/turtlesim/turtlesim/srv/detail/teleport_absolute__struct.h\n'}
[32.932596] (turtlesim) StdoutLine: {'line': b'-- Symlinking: /home/wbk/wbk_ros_intro/ros2_ws_practice/install/turtlesim/include/turtlesim/turtlesim/srv/detail/teleport_absolute__type_support.h\n'}
[32.941046] (turtlesim) StdoutLine: {'line': b'-- Symlinking: /home/wbk/wbk_ros_intro/ros2_ws_practice/install/turtlesim/include/turtlesim/turtlesim/srv/detail/teleport_relative__functions.h\n'}
[32.949339] (turtlesim) StdoutLine: {'line': b'-- Symlinking: /home/wbk/wbk_ros_intro/ros2_ws_practice/install/turtlesim/include/turtlesim/turtlesim/srv/detail/teleport_relative__struct.h\n'}
[32.958853] (turtlesim) StdoutLine: {'line': b'-- Symlinking: /home/wbk/wbk_ros_intro/ros2_ws_practice/install/turtlesim/include/turtlesim/turtlesim/srv/detail/teleport_relative__type_support.h\n'}
[32.964585] (-) TimerEvent: {}
[32.967132] (turtlesim) StdoutLine: {'line': b'-- Symlinking: /home/wbk/wbk_ros_intro/ros2_ws_practice/install/turtlesim/include/turtlesim/turtlesim/srv/kill.h\n'}
[32.975259] (turtlesim) StdoutLine: {'line': b'-- Symlinking: /home/wbk/wbk_ros_intro/ros2_ws_practice/install/turtlesim/include/turtlesim/turtlesim/srv/set_pen.h\n'}
[32.983577] (turtlesim) StdoutLine: {'line': b'-- Symlinking: /home/wbk/wbk_ros_intro/ros2_ws_practice/install/turtlesim/include/turtlesim/turtlesim/srv/spawn.h\n'}
[32.992663] (turtlesim) StdoutLine: {'line': b'-- Symlinking: /home/wbk/wbk_ros_intro/ros2_ws_practice/install/turtlesim/include/turtlesim/turtlesim/srv/teleport_absolute.h\n'}
[33.001094] (turtlesim) StdoutLine: {'line': b'-- Symlinking: /home/wbk/wbk_ros_intro/ros2_ws_practice/install/turtlesim/include/turtlesim/turtlesim/srv/teleport_relative.h\n'}
[33.009738] (turtlesim) StdoutLine: {'line': b'-- Symlinking: /home/wbk/wbk_ros_intro/ros2_ws_practice/install/turtlesim/share/turtlesim/environment/library_path.sh\n'}
[33.018302] (turtlesim) StdoutLine: {'line': b'-- Symlinking: /home/wbk/wbk_ros_intro/ros2_ws_practice/install/turtlesim/share/turtlesim/environment/library_path.dsv\n'}
[33.027469] (turtlesim) StdoutLine: {'line': b'-- Symlinking: /home/wbk/wbk_ros_intro/ros2_ws_practice/install/turtlesim/include/turtlesim/turtlesim/action/detail/rotate_absolute__rosidl_typesupport_fastrtps_c.h\n'}
[33.037920] (turtlesim) StdoutLine: {'line': b'-- Symlinking: /home/wbk/wbk_ros_intro/ros2_ws_practice/install/turtlesim/include/turtlesim/turtlesim/msg/detail/color__rosidl_typesupport_fastrtps_c.h\n'}
[33.046071] (turtlesim) StdoutLine: {'line': b'-- Symlinking: /home/wbk/wbk_ros_intro/ros2_ws_practice/install/turtlesim/include/turtlesim/turtlesim/msg/detail/pose__rosidl_typesupport_fastrtps_c.h\n'}
[33.054684] (turtlesim) StdoutLine: {'line': b'-- Symlinking: /home/wbk/wbk_ros_intro/ros2_ws_practice/install/turtlesim/include/turtlesim/turtlesim/msg/rosidl_typesupport_fastrtps_c__visibility_control.h\n'}
[33.063062] (turtlesim) StdoutLine: {'line': b'-- Symlinking: /home/wbk/wbk_ros_intro/ros2_ws_practice/install/turtlesim/include/turtlesim/turtlesim/srv/detail/kill__rosidl_typesupport_fastrtps_c.h\n'}
[33.064794] (-) TimerEvent: {}
[33.071181] (turtlesim) StdoutLine: {'line': b'-- Symlinking: /home/wbk/wbk_ros_intro/ros2_ws_practice/install/turtlesim/include/turtlesim/turtlesim/srv/detail/set_pen__rosidl_typesupport_fastrtps_c.h\n'}
[33.079860] (turtlesim) StdoutLine: {'line': b'-- Symlinking: /home/wbk/wbk_ros_intro/ros2_ws_practice/install/turtlesim/include/turtlesim/turtlesim/srv/detail/spawn__rosidl_typesupport_fastrtps_c.h\n'}
[33.088920] (turtlesim) StdoutLine: {'line': b'-- Symlinking: /home/wbk/wbk_ros_intro/ros2_ws_practice/install/turtlesim/include/turtlesim/turtlesim/srv/detail/teleport_absolute__rosidl_typesupport_fastrtps_c.h\n'}
[33.097784] (turtlesim) StdoutLine: {'line': b'-- Symlinking: /home/wbk/wbk_ros_intro/ros2_ws_practice/install/turtlesim/include/turtlesim/turtlesim/srv/detail/teleport_relative__rosidl_typesupport_fastrtps_c.h\n'}
[33.108021] (turtlesim) StdoutLine: {'line': b'-- Symlinking: /home/wbk/wbk_ros_intro/ros2_ws_practice/install/turtlesim/include/turtlesim/turtlesim/action/detail/rotate_absolute__builder.hpp\n'}
[33.117232] (turtlesim) StdoutLine: {'line': b'-- Symlinking: /home/wbk/wbk_ros_intro/ros2_ws_practice/install/turtlesim/include/turtlesim/turtlesim/action/detail/rotate_absolute__struct.hpp\n'}
[33.125237] (turtlesim) StdoutLine: {'line': b'-- Symlinking: /home/wbk/wbk_ros_intro/ros2_ws_practice/install/turtlesim/include/turtlesim/turtlesim/action/detail/rotate_absolute__traits.hpp\n'}
[33.133997] (turtlesim) StdoutLine: {'line': b'-- Symlinking: /home/wbk/wbk_ros_intro/ros2_ws_practice/install/turtlesim/include/turtlesim/turtlesim/action/detail/rotate_absolute__type_support.hpp\n'}
[33.142147] (turtlesim) StdoutLine: {'line': b'-- Symlinking: /home/wbk/wbk_ros_intro/ros2_ws_practice/install/turtlesim/include/turtlesim/turtlesim/action/rotate_absolute.hpp\n'}
[33.150424] (turtlesim) StdoutLine: {'line': b'-- Symlinking: /home/wbk/wbk_ros_intro/ros2_ws_practice/install/turtlesim/include/turtlesim/turtlesim/msg/color.hpp\n'}
[33.159238] (turtlesim) StdoutLine: {'line': b'-- Symlinking: /home/wbk/wbk_ros_intro/ros2_ws_practice/install/turtlesim/include/turtlesim/turtlesim/msg/detail/color__builder.hpp\n'}
[33.164991] (-) TimerEvent: {}
[33.167631] (turtlesim) StdoutLine: {'line': b'-- Symlinking: /home/wbk/wbk_ros_intro/ros2_ws_practice/install/turtlesim/include/turtlesim/turtlesim/msg/detail/color__struct.hpp\n'}
[33.176455] (turtlesim) StdoutLine: {'line': b'-- Symlinking: /home/wbk/wbk_ros_intro/ros2_ws_practice/install/turtlesim/include/turtlesim/turtlesim/msg/detail/color__traits.hpp\n'}
[33.185512] (turtlesim) StdoutLine: {'line': b'-- Symlinking: /home/wbk/wbk_ros_intro/ros2_ws_practice/install/turtlesim/include/turtlesim/turtlesim/msg/detail/color__type_support.hpp\n'}
[33.193811] (turtlesim) StdoutLine: {'line': b'-- Symlinking: /home/wbk/wbk_ros_intro/ros2_ws_practice/install/turtlesim/include/turtlesim/turtlesim/msg/detail/pose__builder.hpp\n'}
[33.201944] (turtlesim) StdoutLine: {'line': b'-- Symlinking: /home/wbk/wbk_ros_intro/ros2_ws_practice/install/turtlesim/include/turtlesim/turtlesim/msg/detail/pose__struct.hpp\n'}
[33.209734] (turtlesim) StdoutLine: {'line': b'-- Symlinking: /home/wbk/wbk_ros_intro/ros2_ws_practice/install/turtlesim/include/turtlesim/turtlesim/msg/detail/pose__traits.hpp\n'}
[33.217640] (turtlesim) StdoutLine: {'line': b'-- Symlinking: /home/wbk/wbk_ros_intro/ros2_ws_practice/install/turtlesim/include/turtlesim/turtlesim/msg/detail/pose__type_support.hpp\n'}
[33.225890] (turtlesim) StdoutLine: {'line': b'-- Symlinking: /home/wbk/wbk_ros_intro/ros2_ws_practice/install/turtlesim/include/turtlesim/turtlesim/msg/pose.hpp\n'}
[33.234097] (turtlesim) StdoutLine: {'line': b'-- Symlinking: /home/wbk/wbk_ros_intro/ros2_ws_practice/install/turtlesim/include/turtlesim/turtlesim/msg/rosidl_generator_cpp__visibility_control.hpp\n'}
[33.242205] (turtlesim) StdoutLine: {'line': b'-- Symlinking: /home/wbk/wbk_ros_intro/ros2_ws_practice/install/turtlesim/include/turtlesim/turtlesim/srv/detail/kill__builder.hpp\n'}
[33.251179] (turtlesim) StdoutLine: {'line': b'-- Symlinking: /home/wbk/wbk_ros_intro/ros2_ws_practice/install/turtlesim/include/turtlesim/turtlesim/srv/detail/kill__struct.hpp\n'}
[33.259452] (turtlesim) StdoutLine: {'line': b'-- Symlinking: /home/wbk/wbk_ros_intro/ros2_ws_practice/install/turtlesim/include/turtlesim/turtlesim/srv/detail/kill__traits.hpp\n'}
[33.265209] (-) TimerEvent: {}
[33.267694] (turtlesim) StdoutLine: {'line': b'-- Symlinking: /home/wbk/wbk_ros_intro/ros2_ws_practice/install/turtlesim/include/turtlesim/turtlesim/srv/detail/kill__type_support.hpp\n'}
[33.276196] (turtlesim) StdoutLine: {'line': b'-- Symlinking: /home/wbk/wbk_ros_intro/ros2_ws_practice/install/turtlesim/include/turtlesim/turtlesim/srv/detail/set_pen__builder.hpp\n'}
[33.284904] (turtlesim) StdoutLine: {'line': b'-- Symlinking: /home/wbk/wbk_ros_intro/ros2_ws_practice/install/turtlesim/include/turtlesim/turtlesim/srv/detail/set_pen__struct.hpp\n'}
[33.293742] (turtlesim) StdoutLine: {'line': b'-- Symlinking: /home/wbk/wbk_ros_intro/ros2_ws_practice/install/turtlesim/include/turtlesim/turtlesim/srv/detail/set_pen__traits.hpp\n'}
[33.302900] (turtlesim) StdoutLine: {'line': b'-- Symlinking: /home/wbk/wbk_ros_intro/ros2_ws_practice/install/turtlesim/include/turtlesim/turtlesim/srv/detail/set_pen__type_support.hpp\n'}
[33.312821] (turtlesim) StdoutLine: {'line': b'-- Symlinking: /home/wbk/wbk_ros_intro/ros2_ws_practice/install/turtlesim/include/turtlesim/turtlesim/srv/detail/spawn__builder.hpp\n'}
[33.321654] (turtlesim) StdoutLine: {'line': b'-- Symlinking: /home/wbk/wbk_ros_intro/ros2_ws_practice/install/turtlesim/include/turtlesim/turtlesim/srv/detail/spawn__struct.hpp\n'}
[33.329638] (turtlesim) StdoutLine: {'line': b'-- Symlinking: /home/wbk/wbk_ros_intro/ros2_ws_practice/install/turtlesim/include/turtlesim/turtlesim/srv/detail/spawn__traits.hpp\n'}
[33.337547] (turtlesim) StdoutLine: {'line': b'-- Symlinking: /home/wbk/wbk_ros_intro/ros2_ws_practice/install/turtlesim/include/turtlesim/turtlesim/srv/detail/spawn__type_support.hpp\n'}
[33.351539] (turtlesim) StdoutLine: {'line': b'-- Symlinking: /home/wbk/wbk_ros_intro/ros2_ws_practice/install/turtlesim/include/turtlesim/turtlesim/srv/detail/teleport_absolute__builder.hpp\n'}
[33.361100] (turtlesim) StdoutLine: {'line': b'-- Symlinking: /home/wbk/wbk_ros_intro/ros2_ws_practice/install/turtlesim/include/turtlesim/turtlesim/srv/detail/teleport_absolute__struct.hpp\n'}
[33.365480] (-) TimerEvent: {}
[33.369600] (turtlesim) StdoutLine: {'line': b'-- Symlinking: /home/wbk/wbk_ros_intro/ros2_ws_practice/install/turtlesim/include/turtlesim/turtlesim/srv/detail/teleport_absolute__traits.hpp\n'}
[33.384187] (turtlesim) StdoutLine: {'line': b'-- Symlinking: /home/wbk/wbk_ros_intro/ros2_ws_practice/install/turtlesim/include/turtlesim/turtlesim/srv/detail/teleport_absolute__type_support.hpp\n'}
[33.398288] (turtlesim) StdoutLine: {'line': b'-- Symlinking: /home/wbk/wbk_ros_intro/ros2_ws_practice/install/turtlesim/include/turtlesim/turtlesim/srv/detail/teleport_relative__builder.hpp\n'}
[33.411894] (turtlesim) StdoutLine: {'line': b'-- Symlinking: /home/wbk/wbk_ros_intro/ros2_ws_practice/install/turtlesim/include/turtlesim/turtlesim/srv/detail/teleport_relative__struct.hpp\n'}
[33.421344] (turtlesim) StdoutLine: {'line': b'-- Symlinking: /home/wbk/wbk_ros_intro/ros2_ws_practice/install/turtlesim/include/turtlesim/turtlesim/srv/detail/teleport_relative__traits.hpp\n'}
[33.430448] (turtlesim) StdoutLine: {'line': b'-- Symlinking: /home/wbk/wbk_ros_intro/ros2_ws_practice/install/turtlesim/include/turtlesim/turtlesim/srv/detail/teleport_relative__type_support.hpp\n'}
[33.439500] (turtlesim) StdoutLine: {'line': b'-- Symlinking: /home/wbk/wbk_ros_intro/ros2_ws_practice/install/turtlesim/include/turtlesim/turtlesim/srv/kill.hpp\n'}
[33.447880] (turtlesim) StdoutLine: {'line': b'-- Symlinking: /home/wbk/wbk_ros_intro/ros2_ws_practice/install/turtlesim/include/turtlesim/turtlesim/srv/set_pen.hpp\n'}
[33.456428] (turtlesim) StdoutLine: {'line': b'-- Symlinking: /home/wbk/wbk_ros_intro/ros2_ws_practice/install/turtlesim/include/turtlesim/turtlesim/srv/spawn.hpp\n'}
[33.464724] (turtlesim) StdoutLine: {'line': b'-- Symlinking: /home/wbk/wbk_ros_intro/ros2_ws_practice/install/turtlesim/include/turtlesim/turtlesim/srv/teleport_absolute.hpp\n'}
[33.465656] (-) TimerEvent: {}
[33.472899] (turtlesim) StdoutLine: {'line': b'-- Symlinking: /home/wbk/wbk_ros_intro/ros2_ws_practice/install/turtlesim/include/turtlesim/turtlesim/srv/teleport_relative.hpp\n'}
[33.481497] (turtlesim) StdoutLine: {'line': b'-- Symlinking: /home/wbk/wbk_ros_intro/ros2_ws_practice/install/turtlesim/include/turtlesim/turtlesim/action/detail/rotate_absolute__rosidl_typesupport_fastrtps_cpp.hpp\n'}
[33.490107] (turtlesim) StdoutLine: {'line': b'-- Symlinking: /home/wbk/wbk_ros_intro/ros2_ws_practice/install/turtlesim/include/turtlesim/turtlesim/msg/detail/color__rosidl_typesupport_fastrtps_cpp.hpp\n'}
[33.498823] (turtlesim) StdoutLine: {'line': b'-- Symlinking: /home/wbk/wbk_ros_intro/ros2_ws_practice/install/turtlesim/include/turtlesim/turtlesim/msg/detail/pose__rosidl_typesupport_fastrtps_cpp.hpp\n'}
[33.508134] (turtlesim) StdoutLine: {'line': b'-- Symlinking: /home/wbk/wbk_ros_intro/ros2_ws_practice/install/turtlesim/include/turtlesim/turtlesim/msg/rosidl_typesupport_fastrtps_cpp__visibility_control.h\n'}
[33.516468] (turtlesim) StdoutLine: {'line': b'-- Symlinking: /home/wbk/wbk_ros_intro/ros2_ws_practice/install/turtlesim/include/turtlesim/turtlesim/srv/detail/kill__rosidl_typesupport_fastrtps_cpp.hpp\n'}
[33.525031] (turtlesim) StdoutLine: {'line': b'-- Symlinking: /home/wbk/wbk_ros_intro/ros2_ws_practice/install/turtlesim/include/turtlesim/turtlesim/srv/detail/set_pen__rosidl_typesupport_fastrtps_cpp.hpp\n'}
[33.533801] (turtlesim) StdoutLine: {'line': b'-- Symlinking: /home/wbk/wbk_ros_intro/ros2_ws_practice/install/turtlesim/include/turtlesim/turtlesim/srv/detail/spawn__rosidl_typesupport_fastrtps_cpp.hpp\n'}
[33.541959] (turtlesim) StdoutLine: {'line': b'-- Symlinking: /home/wbk/wbk_ros_intro/ros2_ws_practice/install/turtlesim/include/turtlesim/turtlesim/srv/detail/teleport_absolute__rosidl_typesupport_fastrtps_cpp.hpp\n'}
[33.550093] (turtlesim) StdoutLine: {'line': b'-- Symlinking: /home/wbk/wbk_ros_intro/ros2_ws_practice/install/turtlesim/include/turtlesim/turtlesim/srv/detail/teleport_relative__rosidl_typesupport_fastrtps_cpp.hpp\n'}
[33.558737] (turtlesim) StdoutLine: {'line': b'-- Symlinking: /home/wbk/wbk_ros_intro/ros2_ws_practice/install/turtlesim/include/turtlesim/turtlesim/action/detail/rotate_absolute__rosidl_typesupport_introspection_c.h\n'}
[33.565858] (-) TimerEvent: {}
[33.566830] (turtlesim) StdoutLine: {'line': b'-- Symlinking: /home/wbk/wbk_ros_intro/ros2_ws_practice/install/turtlesim/include/turtlesim/turtlesim/msg/detail/color__rosidl_typesupport_introspection_c.h\n'}
[33.574985] (turtlesim) StdoutLine: {'line': b'-- Symlinking: /home/wbk/wbk_ros_intro/ros2_ws_practice/install/turtlesim/include/turtlesim/turtlesim/msg/detail/pose__rosidl_typesupport_introspection_c.h\n'}
[33.584576] (turtlesim) StdoutLine: {'line': b'-- Symlinking: /home/wbk/wbk_ros_intro/ros2_ws_practice/install/turtlesim/include/turtlesim/turtlesim/msg/rosidl_typesupport_introspection_c__visibility_control.h\n'}
[33.592944] (turtlesim) StdoutLine: {'line': b'-- Symlinking: /home/wbk/wbk_ros_intro/ros2_ws_practice/install/turtlesim/include/turtlesim/turtlesim/srv/detail/kill__rosidl_typesupport_introspection_c.h\n'}
[33.601290] (turtlesim) StdoutLine: {'line': b'-- Symlinking: /home/wbk/wbk_ros_intro/ros2_ws_practice/install/turtlesim/include/turtlesim/turtlesim/srv/detail/set_pen__rosidl_typesupport_introspection_c.h\n'}
[33.609625] (turtlesim) StdoutLine: {'line': b'-- Symlinking: /home/wbk/wbk_ros_intro/ros2_ws_practice/install/turtlesim/include/turtlesim/turtlesim/srv/detail/spawn__rosidl_typesupport_introspection_c.h\n'}
[33.618695] (turtlesim) StdoutLine: {'line': b'-- Symlinking: /home/wbk/wbk_ros_intro/ros2_ws_practice/install/turtlesim/include/turtlesim/turtlesim/srv/detail/teleport_absolute__rosidl_typesupport_introspection_c.h\n'}
[33.627208] (turtlesim) StdoutLine: {'line': b'-- Symlinking: /home/wbk/wbk_ros_intro/ros2_ws_practice/install/turtlesim/include/turtlesim/turtlesim/srv/detail/teleport_relative__rosidl_typesupport_introspection_c.h\n'}
[33.636832] (turtlesim) StdoutLine: {'line': b'-- Symlinking: /home/wbk/wbk_ros_intro/ros2_ws_practice/install/turtlesim/include/turtlesim/turtlesim/action/detail/rotate_absolute__rosidl_typesupport_introspection_cpp.hpp\n'}
[33.645239] (turtlesim) StdoutLine: {'line': b'-- Symlinking: /home/wbk/wbk_ros_intro/ros2_ws_practice/install/turtlesim/include/turtlesim/turtlesim/msg/detail/color__rosidl_typesupport_introspection_cpp.hpp\n'}
[33.653867] (turtlesim) StdoutLine: {'line': b'-- Symlinking: /home/wbk/wbk_ros_intro/ros2_ws_practice/install/turtlesim/include/turtlesim/turtlesim/msg/detail/pose__rosidl_typesupport_introspection_cpp.hpp\n'}
[33.662702] (turtlesim) StdoutLine: {'line': b'-- Symlinking: /home/wbk/wbk_ros_intro/ros2_ws_practice/install/turtlesim/include/turtlesim/turtlesim/srv/detail/kill__rosidl_typesupport_introspection_cpp.hpp\n'}
[33.665967] (-) TimerEvent: {}
[33.670352] (turtlesim) StdoutLine: {'line': b'-- Symlinking: /home/wbk/wbk_ros_intro/ros2_ws_practice/install/turtlesim/include/turtlesim/turtlesim/srv/detail/set_pen__rosidl_typesupport_introspection_cpp.hpp\n'}
[33.679001] (turtlesim) StdoutLine: {'line': b'-- Symlinking: /home/wbk/wbk_ros_intro/ros2_ws_practice/install/turtlesim/include/turtlesim/turtlesim/srv/detail/spawn__rosidl_typesupport_introspection_cpp.hpp\n'}
[33.687766] (turtlesim) StdoutLine: {'line': b'-- Symlinking: /home/wbk/wbk_ros_intro/ros2_ws_practice/install/turtlesim/include/turtlesim/turtlesim/srv/detail/teleport_absolute__rosidl_typesupport_introspection_cpp.hpp\n'}
[33.697851] (turtlesim) StdoutLine: {'line': b'-- Symlinking: /home/wbk/wbk_ros_intro/ros2_ws_practice/install/turtlesim/include/turtlesim/turtlesim/srv/detail/teleport_relative__rosidl_typesupport_introspection_cpp.hpp\n'}
[33.707560] (turtlesim) StdoutLine: {'line': b'-- Symlinking: /home/wbk/wbk_ros_intro/ros2_ws_practice/install/turtlesim/share/turtlesim/environment/pythonpath.sh\n'}
[33.715908] (turtlesim) StdoutLine: {'line': b'-- Symlinking: /home/wbk/wbk_ros_intro/ros2_ws_practice/install/turtlesim/share/turtlesim/environment/pythonpath.dsv\n'}
[33.724361] (turtlesim) StdoutLine: {'line': b'-- Symlinking: /home/wbk/wbk_ros_intro/ros2_ws_practice/install/turtlesim/lib/python3.12/site-packages/turtlesim-1.8.3-py3.12.egg-info/PKG-INFO\n'}
[33.732766] (turtlesim) StdoutLine: {'line': b'-- Symlinking: /home/wbk/wbk_ros_intro/ros2_ws_practice/install/turtlesim/lib/python3.12/site-packages/turtlesim-1.8.3-py3.12.egg-info/SOURCES.txt\n'}
[33.741883] (turtlesim) StdoutLine: {'line': b'-- Symlinking: /home/wbk/wbk_ros_intro/ros2_ws_practice/install/turtlesim/lib/python3.12/site-packages/turtlesim-1.8.3-py3.12.egg-info/dependency_links.txt\n'}
[33.750925] (turtlesim) StdoutLine: {'line': b'-- Symlinking: /home/wbk/wbk_ros_intro/ros2_ws_practice/install/turtlesim/lib/python3.12/site-packages/turtlesim-1.8.3-py3.12.egg-info/top_level.txt\n'}
[33.760105] (turtlesim) StdoutLine: {'line': b'-- Symlinking: /home/wbk/wbk_ros_intro/ros2_ws_practice/install/turtlesim/lib/python3.12/site-packages/turtlesim/__init__.py\n'}
[33.766176] (-) TimerEvent: {}
[33.767763] (turtlesim) StdoutLine: {'line': b'-- Symlinking: /home/wbk/wbk_ros_intro/ros2_ws_practice/install/turtlesim/lib/python3.12/site-packages/turtlesim/_turtlesim_s.ep.rosidl_typesupport_c.c\n'}
[33.776392] (turtlesim) StdoutLine: {'line': b'-- Symlinking: /home/wbk/wbk_ros_intro/ros2_ws_practice/install/turtlesim/lib/python3.12/site-packages/turtlesim/_turtlesim_s.ep.rosidl_typesupport_fastrtps_c.c\n'}
[33.786029] (turtlesim) StdoutLine: {'line': b'-- Symlinking: /home/wbk/wbk_ros_intro/ros2_ws_practice/install/turtlesim/lib/python3.12/site-packages/turtlesim/_turtlesim_s.ep.rosidl_typesupport_introspection_c.c\n'}
[33.794806] (turtlesim) StdoutLine: {'line': b'-- Symlinking: /home/wbk/wbk_ros_intro/ros2_ws_practice/install/turtlesim/lib/python3.12/site-packages/turtlesim/action/__init__.py\n'}
[33.803256] (turtlesim) StdoutLine: {'line': b'-- Symlinking: /home/wbk/wbk_ros_intro/ros2_ws_practice/install/turtlesim/lib/python3.12/site-packages/turtlesim/action/_rotate_absolute.py\n'}
[33.811695] (turtlesim) StdoutLine: {'line': b'-- Symlinking: /home/wbk/wbk_ros_intro/ros2_ws_practice/install/turtlesim/lib/python3.12/site-packages/turtlesim/action/_rotate_absolute_s.c\n'}
[33.820557] (turtlesim) StdoutLine: {'line': b'-- Symlinking: /home/wbk/wbk_ros_intro/ros2_ws_practice/install/turtlesim/lib/python3.12/site-packages/turtlesim/msg/__init__.py\n'}
[33.829042] (turtlesim) StdoutLine: {'line': b'-- Symlinking: /home/wbk/wbk_ros_intro/ros2_ws_practice/install/turtlesim/lib/python3.12/site-packages/turtlesim/msg/_color.py\n'}
[33.837269] (turtlesim) StdoutLine: {'line': b'-- Symlinking: /home/wbk/wbk_ros_intro/ros2_ws_practice/install/turtlesim/lib/python3.12/site-packages/turtlesim/msg/_color_s.c\n'}
[33.845903] (turtlesim) StdoutLine: {'line': b'-- Symlinking: /home/wbk/wbk_ros_intro/ros2_ws_practice/install/turtlesim/lib/python3.12/site-packages/turtlesim/msg/_pose.py\n'}
[33.854398] (turtlesim) StdoutLine: {'line': b'-- Symlinking: /home/wbk/wbk_ros_intro/ros2_ws_practice/install/turtlesim/lib/python3.12/site-packages/turtlesim/msg/_pose_s.c\n'}
[33.862900] (turtlesim) StdoutLine: {'line': b'-- Symlinking: /home/wbk/wbk_ros_intro/ros2_ws_practice/install/turtlesim/lib/python3.12/site-packages/turtlesim/srv/__init__.py\n'}
[33.866300] (-) TimerEvent: {}
[33.871584] (turtlesim) StdoutLine: {'line': b'-- Symlinking: /home/wbk/wbk_ros_intro/ros2_ws_practice/install/turtlesim/lib/python3.12/site-packages/turtlesim/srv/_kill.py\n'}
[33.880802] (turtlesim) StdoutLine: {'line': b'-- Symlinking: /home/wbk/wbk_ros_intro/ros2_ws_practice/install/turtlesim/lib/python3.12/site-packages/turtlesim/srv/_kill_s.c\n'}
[33.890400] (turtlesim) StdoutLine: {'line': b'-- Symlinking: /home/wbk/wbk_ros_intro/ros2_ws_practice/install/turtlesim/lib/python3.12/site-packages/turtlesim/srv/_set_pen.py\n'}
[33.899054] (turtlesim) StdoutLine: {'line': b'-- Symlinking: /home/wbk/wbk_ros_intro/ros2_ws_practice/install/turtlesim/lib/python3.12/site-packages/turtlesim/srv/_set_pen_s.c\n'}
[33.907371] (turtlesim) StdoutLine: {'line': b'-- Symlinking: /home/wbk/wbk_ros_intro/ros2_ws_practice/install/turtlesim/lib/python3.12/site-packages/turtlesim/srv/_spawn.py\n'}
[33.915689] (turtlesim) StdoutLine: {'line': b'-- Symlinking: /home/wbk/wbk_ros_intro/ros2_ws_practice/install/turtlesim/lib/python3.12/site-packages/turtlesim/srv/_spawn_s.c\n'}
[33.924875] (turtlesim) StdoutLine: {'line': b'-- Symlinking: /home/wbk/wbk_ros_intro/ros2_ws_practice/install/turtlesim/lib/python3.12/site-packages/turtlesim/srv/_teleport_absolute.py\n'}
[33.934131] (turtlesim) StdoutLine: {'line': b'-- Symlinking: /home/wbk/wbk_ros_intro/ros2_ws_practice/install/turtlesim/lib/python3.12/site-packages/turtlesim/srv/_teleport_absolute_s.c\n'}
[33.943128] (turtlesim) StdoutLine: {'line': b'-- Symlinking: /home/wbk/wbk_ros_intro/ros2_ws_practice/install/turtlesim/lib/python3.12/site-packages/turtlesim/srv/_teleport_relative.py\n'}
[33.953278] (turtlesim) StdoutLine: {'line': b'-- Symlinking: /home/wbk/wbk_ros_intro/ros2_ws_practice/install/turtlesim/lib/python3.12/site-packages/turtlesim/srv/_teleport_relative_s.c\n'}
[33.962514] (turtlesim) StdoutLine: {'line': b'-- Symlinking: /home/wbk/wbk_ros_intro/ros2_ws_practice/install/turtlesim/lib/python3.12/site-packages/turtlesim/turtlesim_s__rosidl_typesupport_c.so\n'}
[33.966535] (-) TimerEvent: {}
[33.970843] (turtlesim) StdoutLine: {'line': b'-- Symlinking: /home/wbk/wbk_ros_intro/ros2_ws_practice/install/turtlesim/lib/python3.12/site-packages/turtlesim/turtlesim_s__rosidl_typesupport_fastrtps_c.so\n'}
[33.980200] (turtlesim) StdoutLine: {'line': b'-- Symlinking: /home/wbk/wbk_ros_intro/ros2_ws_practice/install/turtlesim/lib/python3.12/site-packages/turtlesim/turtlesim_s__rosidl_typesupport_introspection_c.so\n'}
[33.989677] (turtlesim) StdoutLine: {'line': b'-- Up-to-date symlink: /home/wbk/wbk_ros_intro/ros2_ws_practice/install/turtlesim/lib/python3.12/site-packages/turtlesim/turtlesim_s__rosidl_typesupport_fastrtps_c.so\n'}
[33.990015] (turtlesim) StdoutLine: {'line': b'-- Up-to-date symlink: /home/wbk/wbk_ros_intro/ros2_ws_practice/install/turtlesim/lib/python3.12/site-packages/turtlesim/turtlesim_s__rosidl_typesupport_introspection_c.so\n'}
[33.990088] (turtlesim) StdoutLine: {'line': b'-- Up-to-date symlink: /home/wbk/wbk_ros_intro/ros2_ws_practice/install/turtlesim/lib/python3.12/site-packages/turtlesim/turtlesim_s__rosidl_typesupport_c.so\n'}
[33.990201] (turtlesim) StdoutLine: {'line': b'-- Symlinking: /home/wbk/wbk_ros_intro/ros2_ws_practice/install/turtlesim/share/turtlesim/action/RotateAbsolute.idl\n'}
[33.998732] (turtlesim) StdoutLine: {'line': b'-- Symlinking: /home/wbk/wbk_ros_intro/ros2_ws_practice/install/turtlesim/share/turtlesim/msg/Color.idl\n'}
[34.006913] (turtlesim) StdoutLine: {'line': b'-- Symlinking: /home/wbk/wbk_ros_intro/ros2_ws_practice/install/turtlesim/share/turtlesim/msg/Pose.idl\n'}
[34.015248] (turtlesim) StdoutLine: {'line': b'-- Symlinking: /home/wbk/wbk_ros_intro/ros2_ws_practice/install/turtlesim/share/turtlesim/srv/Kill.idl\n'}
[34.023819] (turtlesim) StdoutLine: {'line': b'-- Symlinking: /home/wbk/wbk_ros_intro/ros2_ws_practice/install/turtlesim/share/turtlesim/srv/SetPen.idl\n'}
[34.033026] (turtlesim) StdoutLine: {'line': b'-- Symlinking: /home/wbk/wbk_ros_intro/ros2_ws_practice/install/turtlesim/share/turtlesim/srv/Spawn.idl\n'}
[34.042417] (turtlesim) StdoutLine: {'line': b'-- Symlinking: /home/wbk/wbk_ros_intro/ros2_ws_practice/install/turtlesim/share/turtlesim/srv/TeleportAbsolute.idl\n'}
[34.052406] (turtlesim) StdoutLine: {'line': b'-- Symlinking: /home/wbk/wbk_ros_intro/ros2_ws_practice/install/turtlesim/share/turtlesim/srv/TeleportRelative.idl\n'}
[34.062016] (turtlesim) StdoutLine: {'line': b'-- Symlinking: /home/wbk/wbk_ros_intro/ros2_ws_practice/install/turtlesim/share/turtlesim/action/RotateAbsolute.action\n'}
[34.066702] (-) TimerEvent: {}
[34.071513] (turtlesim) StdoutLine: {'line': b'-- Symlinking: /home/wbk/wbk_ros_intro/ros2_ws_practice/install/turtlesim/share/turtlesim/msg/Color.msg\n'}
[34.080949] (turtlesim) StdoutLine: {'line': b'-- Symlinking: /home/wbk/wbk_ros_intro/ros2_ws_practice/install/turtlesim/share/turtlesim/msg/Pose.msg\n'}
[34.089723] (turtlesim) StdoutLine: {'line': b'-- Symlinking: /home/wbk/wbk_ros_intro/ros2_ws_practice/install/turtlesim/share/turtlesim/srv/Kill.srv\n'}
[34.098956] (turtlesim) StdoutLine: {'line': b'-- Symlinking: /home/wbk/wbk_ros_intro/ros2_ws_practice/install/turtlesim/share/turtlesim/srv/SetPen.srv\n'}
[34.108537] (turtlesim) StdoutLine: {'line': b'-- Symlinking: /home/wbk/wbk_ros_intro/ros2_ws_practice/install/turtlesim/share/turtlesim/srv/Spawn.srv\n'}
[34.117200] (turtlesim) StdoutLine: {'line': b'-- Symlinking: /home/wbk/wbk_ros_intro/ros2_ws_practice/install/turtlesim/share/turtlesim/srv/TeleportAbsolute.srv\n'}
[34.126345] (turtlesim) StdoutLine: {'line': b'-- Symlinking: /home/wbk/wbk_ros_intro/ros2_ws_practice/install/turtlesim/share/turtlesim/srv/TeleportRelative.srv\n'}
[34.136164] (turtlesim) StdoutLine: {'line': b'-- Symlinking: /home/wbk/wbk_ros_intro/ros2_ws_practice/install/turtlesim/lib/turtlesim/turtlesim_node\n'}
[34.144937] (turtlesim) StdoutLine: {'line': b'-- Symlinking: /home/wbk/wbk_ros_intro/ros2_ws_practice/install/turtlesim/lib/turtlesim/turtle_teleop_key\n'}
[34.154195] (turtlesim) StdoutLine: {'line': b'-- Symlinking: /home/wbk/wbk_ros_intro/ros2_ws_practice/install/turtlesim/lib/turtlesim/draw_square\n'}
[34.162165] (turtlesim) StdoutLine: {'line': b'-- Symlinking: /home/wbk/wbk_ros_intro/ros2_ws_practice/install/turtlesim/lib/turtlesim/mimic\n'}
[34.166834] (-) TimerEvent: {}
[34.171068] (turtlesim) StdoutLine: {'line': b'-- Symlinking: /home/wbk/wbk_ros_intro/ros2_ws_practice/install/turtlesim/share/turtlesim/launch/multisim.launch.py\n'}
[34.180572] (turtlesim) StdoutLine: {'line': b'-- Symlinking: /home/wbk/wbk_ros_intro/ros2_ws_practice/install/turtlesim/share/ament_index/resource_index/package_run_dependencies/turtlesim\n'}
[34.189685] (turtlesim) StdoutLine: {'line': b'-- Symlinking: /home/wbk/wbk_ros_intro/ros2_ws_practice/install/turtlesim/share/ament_index/resource_index/parent_prefix_path/turtlesim\n'}
[34.198619] (turtlesim) StdoutLine: {'line': b'-- Symlinking: /home/wbk/wbk_ros_intro/ros2_ws_practice/install/turtlesim/share/turtlesim/environment/ament_prefix_path.sh\n'}
[34.207503] (turtlesim) StdoutLine: {'line': b'-- Symlinking: /home/wbk/wbk_ros_intro/ros2_ws_practice/install/turtlesim/share/turtlesim/environment/ament_prefix_path.dsv\n'}
[34.216326] (turtlesim) StdoutLine: {'line': b'-- Symlinking: /home/wbk/wbk_ros_intro/ros2_ws_practice/install/turtlesim/share/turtlesim/environment/path.sh\n'}
[34.224352] (turtlesim) StdoutLine: {'line': b'-- Symlinking: /home/wbk/wbk_ros_intro/ros2_ws_practice/install/turtlesim/share/turtlesim/environment/path.dsv\n'}
[34.232871] (turtlesim) StdoutLine: {'line': b'-- Symlinking: /home/wbk/wbk_ros_intro/ros2_ws_practice/install/turtlesim/share/turtlesim/local_setup.bash\n'}
[34.242358] (turtlesim) StdoutLine: {'line': b'-- Symlinking: /home/wbk/wbk_ros_intro/ros2_ws_practice/install/turtlesim/share/turtlesim/local_setup.sh\n'}
[34.251367] (turtlesim) StdoutLine: {'line': b'-- Symlinking: /home/wbk/wbk_ros_intro/ros2_ws_practice/install/turtlesim/share/turtlesim/local_setup.zsh\n'}
[34.259960] (turtlesim) StdoutLine: {'line': b'-- Symlinking: /home/wbk/wbk_ros_intro/ros2_ws_practice/install/turtlesim/share/turtlesim/local_setup.dsv\n'}
[34.267067] (-) TimerEvent: {}
[34.268434] (turtlesim) StdoutLine: {'line': b'-- Symlinking: /home/wbk/wbk_ros_intro/ros2_ws_practice/install/turtlesim/share/turtlesim/package.dsv\n'}
[34.277132] (turtlesim) StdoutLine: {'line': b'-- Symlinking: /home/wbk/wbk_ros_intro/ros2_ws_practice/install/turtlesim/share/ament_index/resource_index/packages/turtlesim\n'}
[34.286354] (turtlesim) StdoutLine: {'line': b'-- Symlinking: /home/wbk/wbk_ros_intro/ros2_ws_practice/install/turtlesim/share/turtlesim/cmake/rosidl_cmake-extras.cmake\n'}
[34.295031] (turtlesim) StdoutLine: {'line': b'-- Symlinking: /home/wbk/wbk_ros_intro/ros2_ws_practice/install/turtlesim/share/turtlesim/cmake/ament_cmake_export_dependencies-extras.cmake\n'}
[34.303598] (turtlesim) StdoutLine: {'line': b'-- Symlinking: /home/wbk/wbk_ros_intro/ros2_ws_practice/install/turtlesim/share/turtlesim/cmake/ament_cmake_export_include_directories-extras.cmake\n'}
[34.313861] (turtlesim) StdoutLine: {'line': b'-- Symlinking: /home/wbk/wbk_ros_intro/ros2_ws_practice/install/turtlesim/share/turtlesim/cmake/ament_cmake_export_libraries-extras.cmake\n'}
[34.322958] (turtlesim) StdoutLine: {'line': b'-- Symlinking: /home/wbk/wbk_ros_intro/ros2_ws_practice/install/turtlesim/share/turtlesim/cmake/ament_cmake_export_targets-extras.cmake\n'}
[34.331821] (turtlesim) StdoutLine: {'line': b'-- Symlinking: /home/wbk/wbk_ros_intro/ros2_ws_practice/install/turtlesim/share/turtlesim/cmake/rosidl_cmake_export_typesupport_targets-extras.cmake\n'}
[34.340920] (turtlesim) StdoutLine: {'line': b'-- Symlinking: /home/wbk/wbk_ros_intro/ros2_ws_practice/install/turtlesim/share/turtlesim/cmake/rosidl_cmake_export_typesupport_libraries-extras.cmake\n'}
[34.349206] (turtlesim) StdoutLine: {'line': b'-- Symlinking: /home/wbk/wbk_ros_intro/ros2_ws_practice/install/turtlesim/share/turtlesim/cmake/turtlesimConfig.cmake\n'}
[34.357713] (turtlesim) StdoutLine: {'line': b'-- Symlinking: /home/wbk/wbk_ros_intro/ros2_ws_practice/install/turtlesim/share/turtlesim/cmake/turtlesimConfig-version.cmake\n'}
[34.366282] (turtlesim) StdoutLine: {'line': b'-- Symlinking: /home/wbk/wbk_ros_intro/ros2_ws_practice/install/turtlesim/share/turtlesim/package.xml\n'}
[34.367300] (-) TimerEvent: {}
[34.374779] (turtlesim) StdoutLine: {'line': b'-- Installing: /home/wbk/wbk_ros_intro/ros2_ws_practice/install/turtlesim/lib/libturtlesim__rosidl_generator_c.so\n'}
[34.375665] (turtlesim) StdoutLine: {'line': b'-- Set non-toolchain portion of runtime path of "/home/wbk/wbk_ros_intro/ros2_ws_practice/install/turtlesim/lib/libturtlesim__rosidl_generator_c.so" to ""\n'}
[34.375880] (turtlesim) StdoutLine: {'line': b'-- Installing: /home/wbk/wbk_ros_intro/ros2_ws_practice/install/turtlesim/lib/libturtlesim__rosidl_typesupport_fastrtps_c.so\n'}
[34.376184] (turtlesim) StdoutLine: {'line': b'-- Set non-toolchain portion of runtime path of "/home/wbk/wbk_ros_intro/ros2_ws_practice/install/turtlesim/lib/libturtlesim__rosidl_typesupport_fastrtps_c.so" to ""\n'}
[34.376321] (turtlesim) StdoutLine: {'line': b'-- Installing: /home/wbk/wbk_ros_intro/ros2_ws_practice/install/turtlesim/lib/libturtlesim__rosidl_typesupport_fastrtps_cpp.so\n'}
[34.377026] (turtlesim) StdoutLine: {'line': b'-- Set non-toolchain portion of runtime path of "/home/wbk/wbk_ros_intro/ros2_ws_practice/install/turtlesim/lib/libturtlesim__rosidl_typesupport_fastrtps_cpp.so" to ""\n'}
[34.377186] (turtlesim) StdoutLine: {'line': b'-- Installing: /home/wbk/wbk_ros_intro/ros2_ws_practice/install/turtlesim/lib/libturtlesim__rosidl_typesupport_introspection_c.so\n'}
[34.377342] (turtlesim) StdoutLine: {'line': b'-- Set non-toolchain portion of runtime path of "/home/wbk/wbk_ros_intro/ros2_ws_practice/install/turtlesim/lib/libturtlesim__rosidl_typesupport_introspection_c.so" to ""\n'}
[34.377499] (turtlesim) StdoutLine: {'line': b'-- Installing: /home/wbk/wbk_ros_intro/ros2_ws_practice/install/turtlesim/lib/libturtlesim__rosidl_typesupport_c.so\n'}
[34.377810] (turtlesim) StdoutLine: {'line': b'-- Set non-toolchain portion of runtime path of "/home/wbk/wbk_ros_intro/ros2_ws_practice/install/turtlesim/lib/libturtlesim__rosidl_typesupport_c.so" to ""\n'}
[34.377974] (turtlesim) StdoutLine: {'line': b'-- Installing: /home/wbk/wbk_ros_intro/ros2_ws_practice/install/turtlesim/lib/libturtlesim__rosidl_typesupport_introspection_cpp.so\n'}
[34.378387] (turtlesim) StdoutLine: {'line': b'-- Set non-toolchain portion of runtime path of "/home/wbk/wbk_ros_intro/ros2_ws_practice/install/turtlesim/lib/libturtlesim__rosidl_typesupport_introspection_cpp.so" to ""\n'}
[34.378981] (turtlesim) StdoutLine: {'line': b'-- Installing: /home/wbk/wbk_ros_intro/ros2_ws_practice/install/turtlesim/lib/libturtlesim__rosidl_typesupport_cpp.so\n'}
[34.379239] (turtlesim) StdoutLine: {'line': b'-- Set non-toolchain portion of runtime path of "/home/wbk/wbk_ros_intro/ros2_ws_practice/install/turtlesim/lib/libturtlesim__rosidl_typesupport_cpp.so" to ""\n'}
[34.441505] (turtlesim) StdoutLine: {'line': b"Listing '/home/wbk/wbk_ros_intro/ros2_ws_practice/install/turtlesim/lib/python3.12/site-packages/turtlesim'...\n"}
[34.441794] (turtlesim) StdoutLine: {'line': b"Compiling '/home/wbk/wbk_ros_intro/ros2_ws_practice/install/turtlesim/lib/python3.12/site-packages/turtlesim/__init__.py'...\n"}
[34.441901] (turtlesim) StdoutLine: {'line': b"Listing '/home/wbk/wbk_ros_intro/ros2_ws_practice/install/turtlesim/lib/python3.12/site-packages/turtlesim/action'...\n"}
[34.442000] (turtlesim) StdoutLine: {'line': b"Compiling '/home/wbk/wbk_ros_intro/ros2_ws_practice/install/turtlesim/lib/python3.12/site-packages/turtlesim/action/__init__.py'...\n"}
[34.442098] (turtlesim) StdoutLine: {'line': b"Compiling '/home/wbk/wbk_ros_intro/ros2_ws_practice/install/turtlesim/lib/python3.12/site-packages/turtlesim/action/_rotate_absolute.py'...\n"}
[34.442194] (turtlesim) StdoutLine: {'line': b"Listing '/home/wbk/wbk_ros_intro/ros2_ws_practice/install/turtlesim/lib/python3.12/site-packages/turtlesim/msg'...\n"}
[34.442293] (turtlesim) StdoutLine: {'line': b"Compiling '/home/wbk/wbk_ros_intro/ros2_ws_practice/install/turtlesim/lib/python3.12/site-packages/turtlesim/msg/__init__.py'...\n"}
[34.442395] (turtlesim) StdoutLine: {'line': b"Compiling '/home/wbk/wbk_ros_intro/ros2_ws_practice/install/turtlesim/lib/python3.12/site-packages/turtlesim/msg/_color.py'...\n"}
[34.442493] (turtlesim) StdoutLine: {'line': b"Compiling '/home/wbk/wbk_ros_intro/ros2_ws_practice/install/turtlesim/lib/python3.12/site-packages/turtlesim/msg/_pose.py'...\n"}
[34.442583] (turtlesim) StdoutLine: {'line': b"Listing '/home/wbk/wbk_ros_intro/ros2_ws_practice/install/turtlesim/lib/python3.12/site-packages/turtlesim/srv'...\n"}
[34.442698] (turtlesim) StdoutLine: {'line': b"Compiling '/home/wbk/wbk_ros_intro/ros2_ws_practice/install/turtlesim/lib/python3.12/site-packages/turtlesim/srv/__init__.py'...\n"}
[34.442794] (turtlesim) StdoutLine: {'line': b"Compiling '/home/wbk/wbk_ros_intro/ros2_ws_practice/install/turtlesim/lib/python3.12/site-packages/turtlesim/srv/_kill.py'...\n"}
[34.442889] (turtlesim) StdoutLine: {'line': b"Compiling '/home/wbk/wbk_ros_intro/ros2_ws_practice/install/turtlesim/lib/python3.12/site-packages/turtlesim/srv/_set_pen.py'...\n"}
[34.442985] (turtlesim) StdoutLine: {'line': b"Compiling '/home/wbk/wbk_ros_intro/ros2_ws_practice/install/turtlesim/lib/python3.12/site-packages/turtlesim/srv/_spawn.py'...\n"}
[34.443082] (turtlesim) StdoutLine: {'line': b"Compiling '/home/wbk/wbk_ros_intro/ros2_ws_practice/install/turtlesim/lib/python3.12/site-packages/turtlesim/srv/_teleport_absolute.py'...\n"}
[34.443328] (turtlesim) StdoutLine: {'line': b"Compiling '/home/wbk/wbk_ros_intro/ros2_ws_practice/install/turtlesim/lib/python3.12/site-packages/turtlesim/srv/_teleport_relative.py'...\n"}
[34.447973] (turtlesim) StdoutLine: {'line': b'-- Installing: /home/wbk/wbk_ros_intro/ros2_ws_practice/install/turtlesim/lib/libturtlesim__rosidl_generator_py.so\n'}
[34.448527] (turtlesim) StdoutLine: {'line': b'-- Set non-toolchain portion of runtime path of "/home/wbk/wbk_ros_intro/ros2_ws_practice/install/turtlesim/lib/libturtlesim__rosidl_generator_py.so" to ""\n'}
[34.448622] (turtlesim) StdoutLine: {'line': b'-- Installing: /home/wbk/wbk_ros_intro/ros2_ws_practice/install/turtlesim/share/turtlesim/images\n'}
[34.448898] (turtlesim) StdoutLine: {'line': b'-- Installing: /home/wbk/wbk_ros_intro/ros2_ws_practice/install/turtlesim/share/turtlesim/images/humble.png\n'}
[34.449353] (turtlesim) StdoutLine: {'line': b'-- Installing: /home/wbk/wbk_ros_intro/ros2_ws_practice/install/turtlesim/share/turtlesim/images/galactic.png\n'}
[34.450184] (turtlesim) StdoutLine: {'line': b'-- Installing: /home/wbk/wbk_ros_intro/ros2_ws_practice/install/turtlesim/share/turtlesim/images/rolling.png\n'}
[34.450852] (turtlesim) StdoutLine: {'line': b'-- Installing: /home/wbk/wbk_ros_intro/ros2_ws_practice/install/turtlesim/share/turtlesim/images/eloquent.png\n'}
[34.451227] (turtlesim) StdoutLine: {'line': b'-- Installing: /home/wbk/wbk_ros_intro/ros2_ws_practice/install/turtlesim/share/turtlesim/images/foxy.png\n'}
[34.451647] (turtlesim) StdoutLine: {'line': b'-- Installing: /home/wbk/wbk_ros_intro/ros2_ws_practice/install/turtlesim/share/turtlesim/images/jazzy.png\n'}
[34.451980] (turtlesim) StdoutLine: {'line': b'-- Installing: /home/wbk/wbk_ros_intro/ros2_ws_practice/install/turtlesim/share/turtlesim/images/iron.png\n'}
[34.452308] (turtlesim) StdoutLine: {'line': b'-- Installing: /home/wbk/wbk_ros_intro/ros2_ws_practice/install/turtlesim/share/turtlesim/images/bouncy.png\n'}
[34.452805] (turtlesim) StdoutLine: {'line': b'-- Installing: /home/wbk/wbk_ros_intro/ros2_ws_practice/install/turtlesim/share/turtlesim/images/crystal.png\n'}
[34.453152] (turtlesim) StdoutLine: {'line': b'-- Installing: /home/wbk/wbk_ros_intro/ros2_ws_practice/install/turtlesim/share/turtlesim/images/ardent.png\n'}
[34.453531] (turtlesim) StdoutLine: {'line': b'-- Installing: /home/wbk/wbk_ros_intro/ros2_ws_practice/install/turtlesim/share/turtlesim/images/dashing.png\n'}
[34.453996] (turtlesim) StdoutLine: {'line': b'-- Installing: /home/wbk/wbk_ros_intro/ros2_ws_practice/install/turtlesim/share/turtlesim/cmake/export_turtlesim__rosidl_generator_cExport.cmake\n'}
[34.454192] (turtlesim) StdoutLine: {'line': b'-- Installing: /home/wbk/wbk_ros_intro/ros2_ws_practice/install/turtlesim/share/turtlesim/cmake/export_turtlesim__rosidl_generator_cExport-noconfig.cmake\n'}
[34.454385] (turtlesim) StdoutLine: {'line': b'-- Installing: /home/wbk/wbk_ros_intro/ros2_ws_practice/install/turtlesim/share/turtlesim/cmake/export_turtlesim__rosidl_typesupport_fastrtps_cExport.cmake\n'}
[34.454662] (turtlesim) StdoutLine: {'line': b'-- Installing: /home/wbk/wbk_ros_intro/ros2_ws_practice/install/turtlesim/share/turtlesim/cmake/export_turtlesim__rosidl_typesupport_fastrtps_cExport-noconfig.cmake\n'}
[34.454852] (turtlesim) StdoutLine: {'line': b'-- Installing: /home/wbk/wbk_ros_intro/ros2_ws_practice/install/turtlesim/share/turtlesim/cmake/export_turtlesim__rosidl_generator_cppExport.cmake\n'}
[34.455030] (turtlesim) StdoutLine: {'line': b'-- Installing: /home/wbk/wbk_ros_intro/ros2_ws_practice/install/turtlesim/share/turtlesim/cmake/export_turtlesim__rosidl_typesupport_fastrtps_cppExport.cmake\n'}
[34.455074] (turtlesim) StdoutLine: {'line': b'-- Installing: /home/wbk/wbk_ros_intro/ros2_ws_practice/install/turtlesim/share/turtlesim/cmake/export_turtlesim__rosidl_typesupport_fastrtps_cppExport-noconfig.cmake\n'}
[34.455227] (turtlesim) StdoutLine: {'line': b'-- Installing: /home/wbk/wbk_ros_intro/ros2_ws_practice/install/turtlesim/share/turtlesim/cmake/turtlesim__rosidl_typesupport_introspection_cExport.cmake\n'}
[34.455297] (turtlesim) StdoutLine: {'line': b'-- Installing: /home/wbk/wbk_ros_intro/ros2_ws_practice/install/turtlesim/share/turtlesim/cmake/turtlesim__rosidl_typesupport_introspection_cExport-noconfig.cmake\n'}
[34.455352] (turtlesim) StdoutLine: {'line': b'-- Installing: /home/wbk/wbk_ros_intro/ros2_ws_practice/install/turtlesim/share/turtlesim/cmake/turtlesim__rosidl_typesupport_cExport.cmake\n'}
[34.455424] (turtlesim) StdoutLine: {'line': b'-- Installing: /home/wbk/wbk_ros_intro/ros2_ws_practice/install/turtlesim/share/turtlesim/cmake/turtlesim__rosidl_typesupport_cExport-noconfig.cmake\n'}
[34.455657] (turtlesim) StdoutLine: {'line': b'-- Installing: /home/wbk/wbk_ros_intro/ros2_ws_practice/install/turtlesim/share/turtlesim/cmake/turtlesim__rosidl_typesupport_introspection_cppExport.cmake\n'}
[34.455845] (turtlesim) StdoutLine: {'line': b'-- Installing: /home/wbk/wbk_ros_intro/ros2_ws_practice/install/turtlesim/share/turtlesim/cmake/turtlesim__rosidl_typesupport_introspection_cppExport-noconfig.cmake\n'}
[34.455945] (turtlesim) StdoutLine: {'line': b'-- Installing: /home/wbk/wbk_ros_intro/ros2_ws_practice/install/turtlesim/share/turtlesim/cmake/turtlesim__rosidl_typesupport_cppExport.cmake\n'}
[34.456033] (turtlesim) StdoutLine: {'line': b'-- Installing: /home/wbk/wbk_ros_intro/ros2_ws_practice/install/turtlesim/share/turtlesim/cmake/turtlesim__rosidl_typesupport_cppExport-noconfig.cmake\n'}
[34.456118] (turtlesim) StdoutLine: {'line': b'-- Installing: /home/wbk/wbk_ros_intro/ros2_ws_practice/install/turtlesim/share/turtlesim/cmake/export_turtlesim__rosidl_generator_pyExport.cmake\n'}
[34.456203] (turtlesim) StdoutLine: {'line': b'-- Installing: /home/wbk/wbk_ros_intro/ros2_ws_practice/install/turtlesim/share/turtlesim/cmake/export_turtlesim__rosidl_generator_pyExport-noconfig.cmake\n'}
[34.457977] (turtlesim) CommandEnded: {'returncode': 0}
[34.467438] (-) TimerEvent: {}
[34.473158] (turtlesim) JobEnded: {'identifier': 'turtlesim', 'rc': 0}
[34.474308] (-) EventReactorShutdown: {}
